Wallet Address,Chain Type,Total Balance (USD),Checked At (UTC)
TMPJod4ZYj2d6QgYsLjr9M5SG1stJU2A1T,TRON,200774.49,"Tue, 12 Aug 2025 20:54:01 GMT"
TFnUzWBLxJsWu4GPdXuboBKf5aWkZRDcfp,TRON,200480.07,"Tue, 12 Aug 2025 20:54:12 GMT"
0xA373F276B61e8eC3657c6437f8707C362e478a4a,EVM,397487.94,"Tue, 12 Aug 2025 20:54:18 GMT"
TE66zKFJox3wteASQj9jfNnebawu1YCKxu,TRON,1301259.56,"Tue, 12 Aug 2025 20:54:21 GMT"
TMsmsmkci91uDV11hirGgdQ6kBDdcgVHZg,TRON,4552784.18,"Tue, 12 Aug 2025 20:54:31 GMT"
0xf8fb9315c267f7c4f8646c9fe963e05c376aa25a,EVM,3549257.75,"Tue, 12 Aug 2025 20:54:52 GMT"
0x89E1C395227ECb2A394cc53F8508E871a380713C,EVM,1511734.58,"Tue, 12 Aug 2025 20:54:58 GMT"
0xDd3115dd418501Fb0aE544fB1f107319392Cf4bb,EVM,500091.32,"Tue, 12 Aug 2025 20:55:12 GMT"
TWdQBccBXCWdRzXXFdN69T86UV33Yfqg6z,TRON,1353631.29,"Tue, 12 Aug 2025 20:55:12 GMT"
TUSaRL9fQWnMwiYM1KfhexKprSfik1Exsr,TRON,580335.84,"Tue, 12 Aug 2025 20:55:37 GMT"
TEoXXDT1L5XNVXPUdzrxjHXvSnaXfnXRLx,TRON,4441992.15,"Tue, 12 Aug 2025 20:55:59 GMT"
TFaZHRVGjWtev9CQousWSZ2snUriPy8eoZ,TRON,111341.45,"Tue, 12 Aug 2025 20:56:01 GMT"
TAH2XvGV3oacUVZrcHK7ToKavaEAtiqzGu,TRON,522044.1,"Tue, 12 Aug 2025 20:57:03 GMT"
TANvo7y5x1vFh3cwbrLdpvxYk6ZQZKvyLa,TRON,847774.02,"Tue, 12 Aug 2025 20:57:08 GMT"
TNckP1Sw2TPBadqMgShYeN4ZTsrusCceBv,TRON,387694.93,"Tue, 12 Aug 2025 20:57:31 GMT"
TJkfyUe9MxN4i3k24gRPUhMoAnzsDT4cjM,TRON,402546.2,"Tue, 12 Aug 2025 20:57:36 GMT"
TB2G8AiSVu6NGgMXNrbjfJwkuizNnuXpzS,TRON,1865705.57,"Tue, 12 Aug 2025 20:57:48 GMT"
0x1cd38BC0268FeB2B06D958ABCCB73C2330417C40,EVM,143074.98,"Tue, 12 Aug 2025 20:58:16 GMT"
0x094b4cf43908F0AdB3dBDb5025F52470AAc3B160,EVM,223277.92,"Tue, 12 Aug 2025 20:58:47 GMT"
0x14896B1Afab1AD479432ef24A8301bcfD123a0a8,EVM,2689543.47,"Tue, 12 Aug 2025 20:58:49 GMT"
TB5q2EzQxZobnrg15GVA9mqRFBwvcCdULk,TRON,1307349.83,"Tue, 12 Aug 2025 20:59:35 GMT"
0x302EbaF6724021F3c5900c321411CbdE45E791F8,EVM,16290560.09,"Tue, 12 Aug 2025 20:59:53 GMT"
TQDrHp1xzbbgpEt1dNwKK8hjPmNAxRYg4V,TRON,254398.21,"Tue, 12 Aug 2025 21:00:08 GMT"
0x6f4bd8df7bfdbbc4bb0528df8b7e11a5e262e2c0,EVM,211917.03,"Tue, 12 Aug 2025 21:00:33 GMT"
TDSy1bodrFPgDMXRQFm3ikkJuEV6Fsysxg,TRON,2254166.09,"Tue, 12 Aug 2025 21:00:53 GMT"
0xd1b704975bf33f6f58c6ece2893e4ccb749b4b88,EVM,461192.21,"Tue, 12 Aug 2025 21:01:11 GMT"
TAaTeVth6uuFEwWQ9TiAf7JXcgnZr3AbF3,TRON,26602450.1,"Tue, 12 Aug 2025 21:01:49 GMT"
TGQc1dAGzp1HyRBuxuzodjiWPxCNdsNfja,TRON,175313.64,"Tue, 12 Aug 2025 21:02:17 GMT"
0x86Fe27f1ABe67f1c289700027Aa17E0462208F62,EVM,132123.77,"Tue, 12 Aug 2025 21:02:22 GMT"
0xe752fdccb2369ad59bafa57d8318e2ccf9a7a1c0,EVM,138837.75,"Tue, 12 Aug 2025 21:03:05 GMT"
TYxiLjc7ejBASvMD3eBZXsj97FvgnAMpCj,TRON,1983352.76,"Tue, 12 Aug 2025 21:03:30 GMT"
TYyshnACbBtZZpfAc28WBX8eVuLNgt7c2g,TRON,292982.76,"Tue, 12 Aug 2025 21:04:15 GMT"
TUG6CMeUjKMWGcUHRiypaTqnux8e6qVabo,TRON,105272.52,"Tue, 12 Aug 2025 21:05:28 GMT"
TDrGLwnxvMjTJMNW4VN6SVrSCJF9idGkM8,TRON,128023.52,"Tue, 12 Aug 2025 21:05:53 GMT"
TRQhxYbRuv5juTuYZEn1mjwFybLXzFhiz8,TRON,512905.41,"Tue, 12 Aug 2025 21:06:31 GMT"
0xa0af81b583f48c9f1025e3a6fbc7f8e931adb2a3,EVM,654933.33,"Tue, 12 Aug 2025 21:06:42 GMT"
TXzwg7xYcV4seeYvogXEXsbiZ4jKWkQJ8z,TRON,118963.43,"Tue, 12 Aug 2025 21:07:36 GMT"
TFDGZej3pmdMuxaA7kXnyYGrmtYwYZuE57,TRON,195537.93,"Tue, 12 Aug 2025 21:08:01 GMT"
TBVLEPWnk4ywHd9pijvwKHoKwFB6TspaXY,TRON,2573591.61,"Tue, 12 Aug 2025 21:11:07 GMT"
TRpDxm4A6Kfvss1C6zAgcXeMSVehwV3V4u,TRON,1329282.4,"Tue, 12 Aug 2025 21:11:31 GMT"
TSMe8FzLsYFNgYKzgegBjVGdoAKFGGZH66,TRON,961352.06,"Tue, 12 Aug 2025 21:12:04 GMT"
TUvQeBqCxoGPAgFyfPUuQwdpnfiiGcynZM,TRON,155889.45,"Tue, 12 Aug 2025 21:12:12 GMT"
TPdJKw9NbXQ4n9JdMp9ra64tPyGCaeviU1,TRON,131715.85,"Tue, 12 Aug 2025 21:12:16 GMT"
TWLStpnZELCozFDMY4mjC9SYU9AJh6NTLk,TRON,136311.44,"Tue, 12 Aug 2025 21:13:48 GMT"
TWRn8A6xGka7JQKq1P6L5rsSZhjUWxpgJU,TRON,218355.18,"Tue, 12 Aug 2025 21:15:27 GMT"
0x7296DC5067FA4be4BFB0FDFDF75D80AaC4aA2be0,EVM,131746.79,"Tue, 12 Aug 2025 21:16:03 GMT"
0x9437f6128699edf0e13b2b4118ef0e25b0bf8633,EVM,124034.09,"Tue, 12 Aug 2025 21:16:10 GMT"
TAMvMK8MTCRshoCpzMcT9fsAMUS7UY6QvN,TRON,137881.35,"Tue, 12 Aug 2025 21:18:05 GMT"
TGopHgjaDwPi5KjAc53xt3kcdAPdSC6RnJ,TRON,1480249.92,"Tue, 12 Aug 2025 21:18:14 GMT"
TJFwYFYYaMXbcHJEALHP1DLiLyNvMhMWT9,TRON,336286.78,"Tue, 12 Aug 2025 21:19:03 GMT"
0xA0AF81B583f48c9f1025e3A6FBC7F8E931ADB2a3,EVM,654952.25,"Tue, 12 Aug 2025 21:20:48 GMT"
TDpKKxeb9fdF5nSSvx3ekRkuo6TuDuGa2q,TRON,1390724.62,"Tue, 12 Aug 2025 21:20:51 GMT"
0x5774a9F3e1C8872BdA9b535AE1Cc8E99E08a1c1f,EVM,204853.66,"Tue, 12 Aug 2025 21:21:18 GMT"
TBKiyE3HJUeoTAGj82qxeRM5BXgJejQqWH,TRON,234564.55,"Tue, 12 Aug 2025 21:23:25 GMT"
0x33aB577977fe0E5fF6c4FEA77Ab44D322dc6354A,EVM,1188412.17,"Tue, 12 Aug 2025 21:23:31 GMT"
TJqUtJwW5LdQ9VBTorGhna46tq959hJRVP,TRON,166376.37,"Tue, 12 Aug 2025 21:23:49 GMT"
0x9915c51ab4286ceeaB80215fbc24Eaf657f0D0d0,EVM,198392.68,"Tue, 12 Aug 2025 21:24:03 GMT"
0xdac17f958d2ee523a2206206994597c13d831ec7,EVM,129526.37,"Tue, 12 Aug 2025 21:24:39 GMT"
0x1e8aee1a09b8a02814f4d43c7c46b04ebe16b28a,EVM,154152.7,"Tue, 12 Aug 2025 21:24:56 GMT"
0x1E8aEe1A09B8a02814F4D43C7C46b04ebE16b28A,EVM,154152.7,"Tue, 12 Aug 2025 21:25:11 GMT"
TVKmNmU1CS5GtrLppnz6QHdwstMWgQ32Xe,TRON,182356.81,"Tue, 12 Aug 2025 21:25:15 GMT"
0xFAE3d95eC21b16A866d0F3760119D83c1F3Ee629,EVM,1519136.55,"Tue, 12 Aug 2025 21:25:39 GMT"
0xd8914635f6A5dFE80fF606Ce4b7EAB013508C330,EVM,140467.44,"Tue, 12 Aug 2025 21:26:15 GMT"
TUzXU5JyRnD755F3s3HR5acjtVheKoTb5B,TRON,127945.42,"Tue, 12 Aug 2025 21:28:36 GMT"
0xf04637f0D77e94Ae2E0E807526bdBd0121c03E43,EVM,103242.43,"Tue, 12 Aug 2025 21:29:42 GMT"
0xF76173C3C305E9e107b0FF5FE67b2E839B6a4933,EVM,194830.15,"Tue, 12 Aug 2025 21:30:29 GMT"
0x25738BA4a336D92226320F80B89Ac7be8F805bFC,EVM,121185.46,"Tue, 12 Aug 2025 21:31:13 GMT"
0x26946EDE70191F0717F91d73ac6C1cf1f05A4dbd,EVM,200090.81,"Tue, 12 Aug 2025 21:32:12 GMT"
0x60eB8b0bB40174dF92b68a9b0bAAEE64D0338d7a,EVM,153115.21,"Tue, 12 Aug 2025 21:34:10 GMT"
0xb15d2A5C3D95c347F0d2f57c5dB8cCeEA49EF30b,EVM,433408.83,"Tue, 12 Aug 2025 21:34:43 GMT"
0x01C6C6B1abDbb1b24ABF880527C044904941B8C3,EVM,104687.44,"Tue, 12 Aug 2025 21:35:15 GMT"
TAY3V4owdNv1RjLiGJHvU3S92qJPn9MLKz,TRON,296790.42,"Tue, 12 Aug 2025 21:35:16 GMT"
TTkNGrzEFqxWBBw6pfk3aBqP5auBgBARpQ,TRON,107308.21,"Tue, 12 Aug 2025 21:35:20 GMT"
TQymgjcuUm3q4RJKWXTmVKP4RX8H3Ww67U,TRON,549835.03,"Tue, 12 Aug 2025 21:36:21 GMT"
TNHZdoSf3pfS7W2FhtsREcb5FT9HFSTHg4,TRON,302856.16,"Tue, 12 Aug 2025 21:36:50 GMT"
TBJ7DVe8mxuFUYb4LrBta4TRh6U9Kwwbgz,TRON,267391.28,"Tue, 12 Aug 2025 21:37:06 GMT"
0x2d1dc52b92c489ed42c2a52256fcb2e340100d94,EVM,101224.63,"Tue, 12 Aug 2025 21:40:15 GMT"
0x2d1dC52b92C489Ed42C2a52256FcB2e340100D94,EVM,101230.61,"Tue, 12 Aug 2025 21:42:32 GMT"
TQ4L7EnYrrobd23J4BVE6VgMRsgiCtPx5F,TRON,111965.65,"Tue, 12 Aug 2025 21:42:37 GMT"
TSABNrWereTVdbe8tNTNKm5hjMFvMESUij,TRON,652917.6,"Tue, 12 Aug 2025 21:45:06 GMT"
TRTevedDnbgZsQ9sifubhGWbSSVR5ZrHUq,TRON,117911.14,"Tue, 12 Aug 2025 21:47:02 GMT"
0x764CBA12fe7ab31768d912C3A8fe1bFDc484aC46,EVM,166659.71,"Tue, 12 Aug 2025 21:51:30 GMT"
TCSBLRCpWmC77gKeCPehuwZcAf1DeKVWh5,TRON,120799.52,"Tue, 12 Aug 2025 21:52:40 GMT"
0x13b734E1Ab01C73c4eA105656ee32D2aF511CB55,EVM,203293.73,"Tue, 12 Aug 2025 21:54:31 GMT"
TKmZf343t82xafcrG6ZSYQhzUE7Ndophic,TRON,122615.52,"Tue, 12 Aug 2025 21:54:57 GMT"
0xBdA0EcAc642aB6e7797aB0Fe9880cb608bfCc14E,EVM,148668.94,"Tue, 12 Aug 2025 21:56:05 GMT"
0x26946ede70191f0717f91d73ac6c1cf1f05a4dbd,EVM,199845.97,"Tue, 12 Aug 2025 21:58:12 GMT"