Chain,Address,Transaction Hash,Value,Token,USD Value,Date
TRON,TWRn8A6xGka7JQKq1P6L5rsSZhjUWxpgJU,5c7a512ff21614d39d147115c7242c2e4655b4a0f1520616c37a6bd3b09e819a,382475.0000,USDT,382548.45,"Tue, 01 Jul 2025 05:32:24 GMT"
TRON,TRiodyx2pCPVWSAm9ijjmJSc69KHnrZF3M,089c3097071826ea4f17527bd0e1916ff1fac0caf73d7ea1a57129bb3d907b28,107166.8431,USDT,107187.42,"Tue, 01 Jul 2025 16:54:18 GMT"
TRON,TCZVoaZ19izBHDnW74s69HQJmafjeieHQA,4cac728cf06c0b018093718145207f37d9171d2b50716dfaec3866523e0f3eee,11462.5179,USDT,11464.72,"Mon, 30 Jun 2025 21:21:21 GMT"
TRON,TCZVoaZ19izBHDnW74s69HQJmafjeieHQA,37b37dc7f7a48e0f179437f9c9567ec143b5703eacfa353207a4344f4487bbdc,4047.3103,USDT,4048.09,"Tue, 01 Jul 2025 00:44:24 GMT"
TRON,TCZVoaZ19izBHDnW74s69HQJmafjeieHQA,af16d9330504bfdd7857b3d2dc337b16e9189c3372143a3afe0ddee2ee0bb0c6,4495.9366,USDT,4496.80,"Tue, 01 Jul 2025 08:39:30 GMT"
TRON,TCZVoaZ19izBHDnW74s69HQJmafjeieHQA,7680fced51633c7fe7b5248b67f08fb71f681be4ffec764b0b8a3612ce43804a,1621.3835,USDT,1621.69,"Tue, 01 Jul 2025 08:47:27 GMT"
TRON,TEEpS7ZxbPS8Yzw7UbsS7DqKgLBL2DAa8z,9bed2fe0636629d68451072730641c84cf227fa66655b371977f43383694a41f,4000.0000,USDT,4000.77,"Tue, 01 Jul 2025 11:17:21 GMT"
TRON,TJUvRFKrPvgBCgFdtiSkccc129AcNb1111,c68d6ae1339e126baaa0c97d121f3cc124455eb1dc5e94ba7d90636c5ee4acbd,4000.0000,USDT,4000.77,"Tue, 01 Jul 2025 15:52:39 GMT"
TRON,TVY6hpjcnWqLDZTx4LBPfBnf1H2UCeNEz9,c6800b32cc3afdb809c593ca3db106638b0eca44f21a44f6b8b14f9bbf46665a,4501.0000,USDT,4501.86,"Tue, 01 Jul 2025 08:39:51 GMT"
TRON,TZ3c4oSPxFRAYtF5XUYSR857tpnQrYa8S5,3562c234ca61d8d23c5303d2369f94f334d9122e46c7563bc77c45c5ef688cb1,14200.0000,USDT,14202.73,"Tue, 01 Jul 2025 16:16:12 GMT"
TRON,TRyToxfSNh6QXbrZaCQ1yiR1z1jbT53EsJ,266c5654807c13a286abc02e7b93bdd0df0f2a3295c52660cd4d3c32e4bd6f6b,3600.0000,USDT,3600.69,"Tue, 01 Jul 2025 15:36:21 GMT"
TRON,TGihYawkg9WBLgq8yabqAePsTpAut3Ssqu,d79f4aca9f679e875bcb4eb83d0f4f309df5ab64a6a5917fa3f45bb511155308,1996.2198,USDT,1996.60,"Mon, 30 Jun 2025 20:02:54 GMT"
TRON,TJkfyUe9MxN4i3k24gRPUhMoAnzsDT4cjM,a1424213fe6ee32ceb627f24b116e7ab90a04095027776e7c94186fbabe7f379,55276.0000,USDT,55286.61,"Mon, 30 Jun 2025 21:53:45 GMT"
TRON,TJkfyUe9MxN4i3k24gRPUhMoAnzsDT4cjM,605c8844326071374a8628a7b518bd05c87cacc8d6015c4bab4f33710beddea7,304393.0000,USDT,304451.45,"Tue, 01 Jul 2025 10:31:30 GMT"
TRON,TJkfyUe9MxN4i3k24gRPUhMoAnzsDT4cjM,7652ccd84a2a8ac76cc4786b37a6b89f3b3305c8a9a2ff79a97c9b813cf50afb,1300.0000,USDT,1300.25,"Tue, 01 Jul 2025 12:57:15 GMT"
TRON,TJkfyUe9MxN4i3k24gRPUhMoAnzsDT4cjM,09a95ba8daa0703a31b4080a59e72249018743ff3265ef780c2bb8c6b3b2b079,50000.0000,USDT,50009.60,"Tue, 01 Jul 2025 15:18:03 GMT"
TRON,TJkfyUe9MxN4i3k24gRPUhMoAnzsDT4cjM,f45780058d4187f3a984d398430a4ae544b0a0ca03bdd62e71c24e950e5382a1,81199.0864,USDT,81214.68,"Tue, 01 Jul 2025 16:28:00 GMT"
TRON,TVjU7KpmZKupprZFDSiokeEuihHCvr7ULr,96b6691a6901e7588a6dae8fe4a5f4333307e098559eaf9f5dbf4cc2819dc563,1850.0000,USDT,1850.36,"Mon, 30 Jun 2025 19:46:36 GMT"
TRON,TVjU7KpmZKupprZFDSiokeEuihHCvr7ULr,45c2b2ca6c7fdbb885249d974602ebef45bc6816482b3130c8b50c18edfa2548,3950.0000,USDT,3950.76,"Tue, 01 Jul 2025 08:22:30 GMT"
TRON,TYoZZPM3mEinoEiA4Y8WLfLP9wqUMPuMX2,549ec261bdaff8eb52d7a2f2f507ef8a8f1ef1a6d46f2d863034e32dd23fd6ef,29990.0000,USDT,29995.76,"Tue, 01 Jul 2025 08:06:57 GMT"
TRON,TYoZZPM3mEinoEiA4Y8WLfLP9wqUMPuMX2,0d834e14a4d967314f1ce6507cefa0010046e825ace6a28e68b50d20c765b420,31169.0000,USDT,31174.99,"Tue, 01 Jul 2025 09:08:18 GMT"
TRON,TYoZZPM3mEinoEiA4Y8WLfLP9wqUMPuMX2,53dd0949c288af261dd9d77c41d2302f780735ecaf5c05d2f9e60f877196c8ed,30100.0000,USDT,30105.78,"Tue, 01 Jul 2025 10:22:30 GMT"
TRON,TYoZZPM3mEinoEiA4Y8WLfLP9wqUMPuMX2,90db25c489e2642925bcc1d1f91f9244037b81021fad9d2a43372847a644a168,25000.0000,USDT,25004.80,"Tue, 01 Jul 2025 11:35:36 GMT"
TRON,TYoZZPM3mEinoEiA4Y8WLfLP9wqUMPuMX2,0385eaf8bb3b245a45a3adc5a2766e9be3a04372289ed411e3fda014d2dd95a2,31807.0000,USDT,31813.11,"Tue, 01 Jul 2025 15:55:39 GMT"
TRON,TXiSkz9NL4ifuKDpXrKv5ZhHkYpih8DmpQ,6c89259723dcf967ff3a97ca5439bc652cc820611b2e3268f31c07dff1389714,17011.8131,USDT,17015.08,"Mon, 30 Jun 2025 19:19:36 GMT"
TRON,TJjiZVm4FqLUF28sHS8LR8MXAtwRLQ2SeH,e39962c3936b93483eb4f1be26260694b063a3cc79ba4dbca08e11d2215f2021,1480.0000,USDT,1480.28,"Mon, 30 Jun 2025 19:46:51 GMT"
TRON,TRNjvnKZWwNBrBqRhRu1oXZ5T3CscEz1gJ,c62c439669afb679e9af95bd0f81981c6aa9334a04f425c337949bb90387d474,198000.0000,USDT,198038.02,"Tue, 01 Jul 2025 07:52:51 GMT"
TRON,TRNjvnKZWwNBrBqRhRu1oXZ5T3CscEz1gJ,b39a8d49c4bdb35e701868efc0cfde2bd80e5b1ce4ce2cd7fd80c8046483fffc,50000.0000,USDT,50009.60,"Tue, 01 Jul 2025 14:39:42 GMT"
TRON,TLedX2DNi5c654xiTKFXsNKTXyF4Xzirx5,afc16f76ed128bddf7c5c23f6ab9dc4f38fe61fe063366af7be315315a535162,2413.4423,USDT,2413.91,"Mon, 30 Jun 2025 19:59:09 GMT"
TRON,TTTwGXw3QwqewjDWXUk6qxH7Q5mCsrqX1n,05abd636071bf2c582b8777f1386a1d8e29a420d26a90ed911002ce4a86c56a0,22578.0000,USDT,22582.34,"Mon, 30 Jun 2025 20:29:48 GMT"
TRON,TKphvCSVVVoyQShjoL1Ewy6T5q2krNzeyF,640b83769eea78efa735e0b1b9558a31459ad8a2da394efce2cb8173b23baaaa,2412.2200,USDT,2412.68,"Tue, 01 Jul 2025 04:39:42 GMT"
TRON,TMzfqy3w4jchvRbEs7YPc3pVpn4kiEc6pj,5eaa46e2fdb89579ed04e5e5f794941edabcf5a2c94424d51f4717009c98bea7,3283.4600,USDT,3284.09,"Tue, 01 Jul 2025 13:47:36 GMT"
TRON,TB2G8AiSVu6NGgMXNrbjfJwkuizNnuXpzS,d7c3e17094e01d83f71f7a18d2b2b4f0bbbb7e0dccba85eacd090c690365974d,6500.0000,USDT,6501.25,"Tue, 01 Jul 2025 09:52:15 GMT"
TRON,TB2G8AiSVu6NGgMXNrbjfJwkuizNnuXpzS,84b09415b1c6804d7e9392d9da359f21821f1fab006912409b86bb36f3bf3b98,6000.0000,USDT,6001.15,"Tue, 01 Jul 2025 10:08:18 GMT"
TRON,TB2G8AiSVu6NGgMXNrbjfJwkuizNnuXpzS,c8b5dc28378f0078ebb431e2b6dad8b9e552e24c67faee810af624962d620766,329673.0000,USDT,329736.31,"Tue, 01 Jul 2025 11:00:00 GMT"
TRON,TB2G8AiSVu6NGgMXNrbjfJwkuizNnuXpzS,ab0dd5e10f125e4a4c108004050ffe06e57fc26e24d5e14b23739cfe535df78a,25000.0000,USDT,25004.80,"Tue, 01 Jul 2025 13:26:21 GMT"
TRON,TB2G8AiSVu6NGgMXNrbjfJwkuizNnuXpzS,359202cee25bf71b71f68eff47d6d6905af95f1b447274af18377c4bd09fd68f,261071.8000,USDT,261121.93,"Tue, 01 Jul 2025 14:24:09 GMT"
TRON,TZ3o8yRRM1M5c4TSDQ8SS2drLbXU7jZvCv,97142cf97903d4ee39f633fbe77626b72ca50e979fbcb468aa7c0c4ab247df5b,8198.0000,USDT,8199.57,"Tue, 01 Jul 2025 10:48:57 GMT"
TRON,TGWKnSCzFDWFdXymBHeJPRYGGNWqCGTmn6,b0682823a89f01e3406e9e1435815714a04cc892afd54ced1175fa00da9c892d,1499.0000,USDT,1499.29,"Mon, 30 Jun 2025 19:05:33 GMT"
TRON,TGWKnSCzFDWFdXymBHeJPRYGGNWqCGTmn6,f8946a38c0be2ba1da2319d8800ad421838d47f3787c079cb135e77be28137cc,190736.0000,USDT,190772.63,"Tue, 01 Jul 2025 16:47:57 GMT"
TRON,TGkg2mzaC2wNxJb64jFs2kdFECnFdFepvw,848bd409d2a569e988b3c525862f17ae7019bd4a9d214fa4778f6ba512533443,2387.0000,USDT,2387.46,"Mon, 30 Jun 2025 22:44:57 GMT"
TRON,TGkg2mzaC2wNxJb64jFs2kdFECnFdFepvw,ba30a9695a8415eeac4677f44506a167bdfcc52b7b1d71e36ea0bc8fd74f7c0a,2000.0000,USDT,2000.38,"Tue, 01 Jul 2025 07:18:09 GMT"
TRON,TGkg2mzaC2wNxJb64jFs2kdFECnFdFepvw,a5c0598d990e047af9a954082b5b64786a2d24726f092df7a55358c07ef5c02c,2179.0000,USDT,2179.42,"Tue, 01 Jul 2025 12:39:30 GMT"
TRON,TVcjTiufiSYnnjvpsAN4kJYWbiqDJPbhQn,6947c45205c705919a4604e23831dd9ddbbf5d6ce73f338cc9b00a6b109d5c9e,1817.0000,USDT,1817.35,"Tue, 01 Jul 2025 02:28:00 GMT"
TRON,TVcjTiufiSYnnjvpsAN4kJYWbiqDJPbhQn,bb5f5df6cb2faacefde2890bbebf2989adc8175d3f69f7baab43a846294ce5c1,1398.0000,USDT,1398.27,"Tue, 01 Jul 2025 02:47:06 GMT"
TRON,TLeUrP3yMans9cyMhKTmVSyodJ7GeREk3h,9bb2114e94b91abd3b79fdc90aacae2317dcfc1e8a4cfcb6cdfb73b72d1a5696,1108.6000,USDT,1108.81,"Mon, 30 Jun 2025 19:33:09 GMT"
TRON,TLeUrP3yMans9cyMhKTmVSyodJ7GeREk3h,436d45c74a3e66d9e1d29dced82844858932ec9317487359496eac219f6d14d5,4582.7500,USDT,4583.63,"Tue, 01 Jul 2025 10:47:33 GMT"
TRON,TAdSLj3p52gABdSr17742aRhM2bJsN5hpU,1978a2cd236d5da5b44f7221ef02cdcb9ebeb8d0c4167a42b1544eff17a5313c,7605.0000,USDT,7606.46,"Tue, 01 Jul 2025 14:18:27 GMT"
TRON,TQHzBdABByrcryRuu2SjFn1SEBcntetFsw,b571b22a338b3dc24290d2031607a7f97a4751fb02d0e4c744a286d6f39f2468,30000.0000,USDT,30005.76,"Mon, 30 Jun 2025 19:47:09 GMT"
TRON,TQHzBdABByrcryRuu2SjFn1SEBcntetFsw,7079b2ea91735335b8be583b2df1de7176d8317d3ce87709d5d7b442be1f14f0,120000.0000,USDT,120023.04,"Mon, 30 Jun 2025 20:55:09 GMT"
TRON,TQHzBdABByrcryRuu2SjFn1SEBcntetFsw,a9a37223d522d152d89c5ccb035b23614f6a5d17e51b03810f9203005fae681f,10000.0000,USDT,10001.92,"Tue, 01 Jul 2025 01:04:06 GMT"
TRON,TQHzBdABByrcryRuu2SjFn1SEBcntetFsw,dbf7b1ffb4b4e26dddc657c5eb6f2868d96213336b0707fb50c4d6fca282ed69,6000.0000,USDT,6001.15,"Tue, 01 Jul 2025 11:35:36 GMT"
TRON,TQHzBdABByrcryRuu2SjFn1SEBcntetFsw,2c6bbd0b6891dbd4bb4b16398e04d25a83d17e258225fbe833e70aec6d9d00c3,20000.0000,USDT,20003.84,"Tue, 01 Jul 2025 13:18:42 GMT"
TRON,TQHzBdABByrcryRuu2SjFn1SEBcntetFsw,b513e7ad4493b9c1ecbacde9a49df320e9419c80bc26efd8f878b4ccaee90e91,124997.7000,USDT,125021.70,"Tue, 01 Jul 2025 14:51:27 GMT"
TRON,TQHzBdABByrcryRuu2SjFn1SEBcntetFsw,14cc65a871646c1b58b3cd8a8a30aa509c029c051a2a17c1829057947326e430,2668.6490,USDT,2669.16,"Tue, 01 Jul 2025 14:57:24 GMT"
TRON,TDpweRtCrnTAqmLBj1fhZaXEmAh81QtP8p,d500e0173fbb32860ac4f1de5bf237e68b867b1b3e48a3d781360484ce9e9f5e,10000.0000,USDT,10001.92,"Mon, 30 Jun 2025 20:41:00 GMT"
TRON,TDpweRtCrnTAqmLBj1fhZaXEmAh81QtP8p,201b1b9c308644b73dfe2fbc48f296975ce9e2f3b241ba025262090f56bca22c,3000.0000,USDT,3000.58,"Tue, 01 Jul 2025 00:58:54 GMT"
TRON,TDpweRtCrnTAqmLBj1fhZaXEmAh81QtP8p,f8914a8e423282be01f246286b7be7b43982236d81ae60560d3af7629f00742c,2260.0000,USDT,2260.43,"Tue, 01 Jul 2025 07:12:54 GMT"
TRON,TDpweRtCrnTAqmLBj1fhZaXEmAh81QtP8p,63b05c82559e0b6c387fde6e9c055c019d1251f91672574c2501d41c8c05b5e8,5000.0000,USDT,5000.96,"Tue, 01 Jul 2025 11:57:54 GMT"
TRON,TDpweRtCrnTAqmLBj1fhZaXEmAh81QtP8p,47436038c76db3ff27fd0be0b7efb973afd8196fea18e42ddba541726bac5b9a,74998.0000,USDT,75012.40,"Tue, 01 Jul 2025 14:25:36 GMT"
TRON,TDpweRtCrnTAqmLBj1fhZaXEmAh81QtP8p,ce28aacfa2691fb3f746a624f9efae98dd440725d518741ee7266659db145c39,45000.0000,USDT,45008.64,"Tue, 01 Jul 2025 14:26:36 GMT"
TRON,TDpweRtCrnTAqmLBj1fhZaXEmAh81QtP8p,3783ae85f1c246341401aa53f8b589cd10ad6bb347efade3be13576fcc25827f,10000.0000,USDT,10001.92,"Tue, 01 Jul 2025 15:41:00 GMT"
TRON,TH1coM7zzvUkQoq2ZCw7Uj3T7JZdJXaKW9,5172395f5e4b2641a1b0769f7c9d00bf14ef3b164e92663d818f4c6d41b5238b,14999.0000,USDT,15001.88,"Tue, 01 Jul 2025 07:13:27 GMT"
TRON,TQUBU7fh79qdUZJH1Nq4fJk4XxyC8nYrfu,a41efa79537a006d1da2e18e21c52adf6cacd6f8b64a64c8b0143897c1704278,1257.5500,USDT,1257.79,"Tue, 01 Jul 2025 00:52:24 GMT"
TRON,TQUBU7fh79qdUZJH1Nq4fJk4XxyC8nYrfu,f49253f81565d10e4e877ab6de83d39e00b1ce688aceed409af4a620fa12ce39,1255.3400,USDT,1255.58,"Tue, 01 Jul 2025 08:02:03 GMT"
TRON,TPXTYDH2mzGbCBVsLGQ8RjhzCnggethfu4,9c529307eee6836492f46cccb4b0e87687679ae8fce6f019d34b5e61521d840d,1000.0000,USDT,1000.19,"Tue, 01 Jul 2025 08:15:51 GMT"
TRON,TBJ7DVe8mxuFUYb4LrBta4TRh6U9Kwwbgz,d2d15b3fd7ed419c9eace7ea08afea1f3c4db5485513e0781510b261aeb07df1,1400.0000,USDT,1400.27,"Mon, 30 Jun 2025 20:34:27 GMT"
TRON,TBJ7DVe8mxuFUYb4LrBta4TRh6U9Kwwbgz,e654dd83f6f8fa36f9f340e8fed75ebc97592cab6a7f76a589dc2a635e558474,1000.0000,USDT,1000.19,"Mon, 30 Jun 2025 23:15:18 GMT"
TRON,TBJ7DVe8mxuFUYb4LrBta4TRh6U9Kwwbgz,2e00583d7e49006acf5bf30991e8f09be914904aa0fb0cc57e2d60b152f9b0c2,1000.0000,USDT,1000.19,"Mon, 30 Jun 2025 23:50:36 GMT"
TRON,TSWKFoMcSZYy9sihXkupsYxzTungdnrRMP,38d9943159bd1a9240ee583f1c1a50d2a3089a144e3effddffc63bf2dc7e2307,5000.0000,USDT,5000.96,"Tue, 01 Jul 2025 16:30:03 GMT"
TRON,TSMe8FzLsYFNgYKzgegBjVGdoAKFGGZH66,78d739b32a3cef6cd11f8238afdead37a21a00b7a86654aba1432f02c192ab6c,5500.0000,USDT,5501.06,"Mon, 30 Jun 2025 20:14:30 GMT"
TRON,TYfMUinYqMZAZwKR7gwi2rx7V7mDcELrVz,a7373386d604e908c0c347fc3bfef88d7c90cceee7e66fe82a88434d6837cbd3,3363.7780,USDT,3364.42,"Tue, 01 Jul 2025 06:19:15 GMT"
TRON,TGyeH4YyvZ6LQMBGyJiTAxowrmPof4a4HA,3712d1fb6f2e60f5f3dabe79ea1a9c1d8eb7ab2c8dd630ecb7249673c3f9de35,1420.0000,USDT,1420.27,"Tue, 01 Jul 2025 03:00:36 GMT"
TRON,TUHPMwiow2rPBQZwWKNukuFnAuE12uYUSu,32decfc264471b12a57dd8ab507115c622630fa0d385c122432a88f72a661e68,5000.0000,USDT,5000.96,"Tue, 01 Jul 2025 12:30:39 GMT"
TRON,TSbh9fYcB8czTM9DdN3ZNyz6UFru4str2B,ac291f10d5a68509da855ac2501e1d6393471956479bf94af4dcae2e60868cfc,16000.0000,USDT,16003.07,"Mon, 30 Jun 2025 18:46:00 GMT"
TRON,TSbh9fYcB8czTM9DdN3ZNyz6UFru4str2B,cd71042942fb43f9058b4b78a631e73ce6d351fc910a1b71d29e0e4ddf6daede,15637.6430,USDT,15640.65,"Tue, 01 Jul 2025 11:39:39 GMT"
TRON,TSbh9fYcB8czTM9DdN3ZNyz6UFru4str2B,7d7bfbf22cd11d9e5d294c49a04efdd3fed7e347e4d8468f12c89c738d0c6dc2,10500.0000,USDT,10502.02,"Tue, 01 Jul 2025 15:11:54 GMT"
TRON,TLE8rhqHLyRksqSxJ7Kb2QA93jbdBNDwhV,7ea707481aa3d9f25955e261eb02ec8de3ebaed451312144acabf4ce2bb89dec,6900.0000,USDT,6901.33,"Tue, 01 Jul 2025 12:51:06 GMT"
TRON,TRG8c9YzK5m9DBT1Gm9hRA8otzNiswM65e,bf382e984ce412a797f59f082965583819747ebef8a718cc7d6c1dc62e3e163a,8000.0000,USDT,8001.54,"Tue, 01 Jul 2025 13:42:48 GMT"
TRON,TZ3VysRJtGitMGJjYeENJJw3tXEBjLAE9N,7f5add4ad69f8ed9b6018d8e1d0ad885ef262ab0177716015807fb9e303635cc,1241.6536,USDT,1241.89,"Tue, 01 Jul 2025 07:32:42 GMT"
TRON,TULcJ6GHrbMB8C6jS9Yb5aXVGyDtFBsCNs,5b7dd5df056ba3c93792b30cefe406dffcb7f304fe3ac76750601b00e534ed09,3700.0000,USDT,3700.71,"Tue, 01 Jul 2025 07:15:12 GMT"
TRON,TVJXAeRYdLECeEBBd3QzTuk56QWELNe8t3,ee322b2e5f5c59833a3436280eb49c07fd50a1bae776fcf41a3cfd9fbedfd2f1,1020.0000,USDT,1020.20,"Tue, 01 Jul 2025 07:40:42 GMT"
TRON,TVJXAeRYdLECeEBBd3QzTuk56QWELNe8t3,2f243612306f39b9252650d2d13eba3ecca8b2fe6f86f725708fd60ec6c9e0d4,1020.0000,USDT,1020.20,"Tue, 01 Jul 2025 08:19:06 GMT"
TRON,TVJXAeRYdLECeEBBd3QzTuk56QWELNe8t3,aa06f1c0bb1aee14019e63c5faa7d7afd182d4e5071393c3c9f4826c39409625,100000.0000,USDT,100019.20,"Tue, 01 Jul 2025 10:51:57 GMT"
TRON,TYJpqJ61CMDe77JKymuWMBZcFo65HmpntN,ff1ffff15da5f1eb2c9646ebe5a5bc0705a86ef5ce4c05d4d91023c6f4643d2d,19330.0435,USDT,19333.76,"Tue, 01 Jul 2025 05:39:39 GMT"
TRON,TYJpqJ61CMDe77JKymuWMBZcFo65HmpntN,104412d5bdc95fd150fde6e2bc4916a2feceaaa236e4bcb92f24b6095d94a3ea,20817.0000,USDT,20821.00,"Tue, 01 Jul 2025 05:46:15 GMT"
TRON,TYJpqJ61CMDe77JKymuWMBZcFo65HmpntN,9087a65b45cd22e7e46dbdd7eb400feca0e9acba256eb351cfb12a8788aec521,11893.1690,USDT,11895.45,"Tue, 01 Jul 2025 09:57:39 GMT"
TRON,TYJpqJ61CMDe77JKymuWMBZcFo65HmpntN,8e92e721fcd0385991c922408ec7023eb31e0bbf8da4bcff06379c7a8aed3c76,1300.0000,USDT,1300.25,"Tue, 01 Jul 2025 16:20:45 GMT"
TRON,TCPoJ5fqZF29P8cAJ54Z8rq2jbExYsLMew,82b8148a9ce1254be48fc6bdd994c6a13840fb5ba96d7c39ec778fe9ca16153b,11776.0000,USDT,11778.26,"Tue, 01 Jul 2025 11:18:15 GMT"
TRON,TQRh83bbUYQR1rhBBrhQwNHdPDudC3SKQp,996c7cdc4bb6bb44b30c9a0973f67f3ecedb57dcda3bc12dd0f39acd90ca4d62,10796.7610,USDT,10798.83,"Mon, 30 Jun 2025 19:43:33 GMT"
TRON,TQRh83bbUYQR1rhBBrhQwNHdPDudC3SKQp,2e9e084b13c1f2d69b6f2ecdb22adf65e6990744332d31ab7f5b518a873ce664,6997.9004,USDT,6999.24,"Mon, 30 Jun 2025 20:55:57 GMT"
TRON,TQRh83bbUYQR1rhBBrhQwNHdPDudC3SKQp,743f74b770db7f1c923a66aaef78abb2d6974c1bfbc40c34a6043c20420fd55d,2311.4062,USDT,2311.85,"Tue, 01 Jul 2025 13:03:06 GMT"
TRON,TV9GTGVRJwweLf5BSFWpSoAQ4Ur6qjt2yw,788bb824c296072f1df9990a999378d83dc3774d704a47e1fea64bc7a3817e62,300000.0000,USDT,300057.61,"Mon, 30 Jun 2025 20:18:03 GMT"
TRON,TV9GTGVRJwweLf5BSFWpSoAQ4Ur6qjt2yw,dd29f3080eccfa048a2a4688e1199c40da07dbfc49ade53bc5bba5e4fe073578,100000.0000,USDT,100019.20,"Mon, 30 Jun 2025 20:20:27 GMT"
TRON,TV9GTGVRJwweLf5BSFWpSoAQ4Ur6qjt2yw,2cd4915a52bc6ce8c8ad0a6bf33e149e5c04ed0e5874f05f40fe7040e1646e46,30000.0000,USDT,30005.76,"Mon, 30 Jun 2025 20:22:09 GMT"
TRON,TV9GTGVRJwweLf5BSFWpSoAQ4Ur6qjt2yw,9d44705f5ffa370bc0be356ed7b60498664e28037ca17b481c62071c8971d222,80000.0000,USDT,80015.36,"Mon, 30 Jun 2025 21:10:12 GMT"
TRON,TV9GTGVRJwweLf5BSFWpSoAQ4Ur6qjt2yw,ac72033049ec2ffea6ed57550d01161adf50458945f6c651f2beb810b767639f,200000.0000,USDT,200038.41,"Mon, 30 Jun 2025 21:22:09 GMT"
TRON,TV9GTGVRJwweLf5BSFWpSoAQ4Ur6qjt2yw,346fd7b7719e86f3e7f66a4b876e985103b756ca21b93367e6b03e07bc4b9796,50000.0000,USDT,50009.60,"Mon, 30 Jun 2025 21:24:36 GMT"
TRON,TV9GTGVRJwweLf5BSFWpSoAQ4Ur6qjt2yw,d96c4eab2a7c438c41d163558b324f6ff530b3a16704e711737126aebf41b5d1,50000.0000,USDT,50009.60,"Mon, 30 Jun 2025 21:29:24 GMT"
TRON,TV9GTGVRJwweLf5BSFWpSoAQ4Ur6qjt2yw,6f40c73b1528432aa9c53e54708565769ac1e6a4da9233ffc5054b1f915f9573,90000.0000,USDT,90017.28,"Mon, 30 Jun 2025 21:30:42 GMT"
TRON,TV9GTGVRJwweLf5BSFWpSoAQ4Ur6qjt2yw,2c8a2f43085c4418441e285bacb66264cbae0cbda9c739f74323612c939398a9,49786.0000,USDT,49795.56,"Mon, 30 Jun 2025 22:34:27 GMT"
TRON,TV9GTGVRJwweLf5BSFWpSoAQ4Ur6qjt2yw,3e3ed175555f14858dd826cb15936364c6a340498f04c1f5a5fc7f721f70dc32,20214.0000,USDT,20217.88,"Mon, 30 Jun 2025 22:35:42 GMT"
TRON,TNuxLSZJv6HZamouxZyiKycmxqJJYp7L5n,34d98cad5f7f8de84d2b018a4be8cfa71e3b66d7a9ce594bf6bfd9375f06a216,5328.5798,USDT,5329.60,"Mon, 30 Jun 2025 19:55:57 GMT"
TRON,TTFaS8ATDTQUGoAhzPP44VxMWJWwawuoBM,c016ad690c82b0c0ae74fcaf5d2cfabe653c4af9456ff7b7110ed8702aa48346,13895.7100,USDT,13898.38,"Tue, 01 Jul 2025 08:48:42 GMT"
TRON,TCCZMJJ6ocZgVTqdomttwTNSs7HoLzd1ss,666e1104e9ca17e7e09e5ea137a115b31270b0f105b8e66aeda37029ce9b5dd9,8680.0000,USDT,8681.67,"Tue, 01 Jul 2025 12:03:48 GMT"
TRON,TCfp496ZZ1eYQaDADJUwb9U7xkKXBnQPzh,6c771f570c5ca42ddbdcd006de38f4546ace348f97191dbac2ff1cbca0d09a72,7445.0000,USDT,7446.43,"Mon, 30 Jun 2025 20:05:33 GMT"
TRON,TCfp496ZZ1eYQaDADJUwb9U7xkKXBnQPzh,a930f62a64348b1586f1634168b9a56e728ceff35f3263ab1a63b14b3e475b6a,13645.0000,USDT,13647.62,"Tue, 01 Jul 2025 13:02:42 GMT"
TRON,TX69ku3VAJTBKppigh6HrFMqXVivqYfNHH,fe2676ad3b58c9bf01d5f1a35c7cfedaf2b8374d0fb6215a394ddbd369e0dbbc,2500.0000,USDT,2500.48,"Tue, 01 Jul 2025 10:04:30 GMT"
TRON,TX69ku3VAJTBKppigh6HrFMqXVivqYfNHH,0f23bfed41cf76c803f8fd1b933cc7691e25fe63d131bd18da5e005401e9a72f,2496.2500,USDT,2496.73,"Tue, 01 Jul 2025 15:54:06 GMT"
TRON,TLLhVTVpR1R19a19SBRFeaYhz4RHyYjqh8,6a2eebd40a79d3dd7381008dd58c88dfed1ee5d1a77eb1ec4fa21c7e47da5b13,6100.0000,USDT,6101.17,"Mon, 30 Jun 2025 18:37:12 GMT"
TRON,TLLhVTVpR1R19a19SBRFeaYhz4RHyYjqh8,2bef3ee13a7e23e75463b64677258160e98f61e9add560ad25df6b7f7b9f6ad3,2800.0000,USDT,2800.54,"Mon, 30 Jun 2025 20:56:45 GMT"
TRON,TLLhVTVpR1R19a19SBRFeaYhz4RHyYjqh8,a5cc8f95495f49afe1ece2a4f05522905ab27fbcd3f4438e5c23d57161a5f531,2000.0000,USDT,2000.38,"Mon, 30 Jun 2025 21:27:21 GMT"
TRON,TLLhVTVpR1R19a19SBRFeaYhz4RHyYjqh8,ca6dbece0dc67d1e69e7fcc412def8eba818ba447225d37897f10791fb7fd6df,2001.0000,USDT,2001.38,"Tue, 01 Jul 2025 07:52:09 GMT"
TRON,TLLhVTVpR1R19a19SBRFeaYhz4RHyYjqh8,abc5a3b94be67cde071bed70b455016dab1cbe0699abe2e3f548a5c34b49f864,2010.0000,USDT,2010.39,"Tue, 01 Jul 2025 08:29:51 GMT"
TRON,TLLhVTVpR1R19a19SBRFeaYhz4RHyYjqh8,e85515cd6629a0b9fe026b3625ed874c6d54f158c823af26b9b8cf4730ecd928,2000.0000,USDT,2000.38,"Tue, 01 Jul 2025 09:25:03 GMT"
TRON,TLLhVTVpR1R19a19SBRFeaYhz4RHyYjqh8,44bee62a7957d3818bb44ca5ac654a54cfb1d90666e00938451e1c230fbd7065,3500.0000,USDT,3500.67,"Tue, 01 Jul 2025 09:32:54 GMT"
TRON,TNHZdoSf3pfS7W2FhtsREcb5FT9HFSTHg4,49f83dd61b5836c7152762589b8d5d038cf537e78b44a18eb34eae67c00a588f,10000.0000,USDT,10001.92,"Tue, 01 Jul 2025 12:52:45 GMT"
TRON,TTZjRu7avwB138CrXmxtRpbjaSRqg4SDL7,944f9a52bb7f0f6954b23dd436de2f89ba6dea90a486281fe61ea789ecb34b56,2498.0000,USDT,2498.48,"Tue, 01 Jul 2025 02:16:03 GMT"
TRON,TNXjy4XyjqtRivmJpkNznRDMFsT6J6hf6d,df9e91e1aacf1ecbd4d1992a78c6d48d5082ad70b929ad5a7802302fba9d84f1,3098.3476,USDT,3098.94,"Tue, 01 Jul 2025 15:32:03 GMT"
TRON,TCVg6YNwTpV7qgDYHGkUZTNb8YQCqhsEdE,eae02df6352918781dcb477b3be81730a0f32a894086c9f88429dcbbcf0041b4,14137.0000,USDT,14139.71,"Tue, 01 Jul 2025 08:06:48 GMT"
TRON,TPqzCDPSVvhVQwsGwzuioFVy3Q3W9fQEQR,759d54f259b84a59a67430adcc2a0de32d87dec644baaaf70fbb9e26ce6fc3a1,90000.0000,USDT,90017.28,"Tue, 01 Jul 2025 11:07:33 GMT"
TRON,TPqzCDPSVvhVQwsGwzuioFVy3Q3W9fQEQR,cfe899270a2a6eaaaedf91332d03ee3fa0bb0a3d8a1d4f708a74028f2280156e,20000.0000,USDT,20003.84,"Tue, 01 Jul 2025 14:49:00 GMT"
TRON,TPqzCDPSVvhVQwsGwzuioFVy3Q3W9fQEQR,1d49e74cb48077ac6c8ae972ec213f2beda45635dbc02c2edd428d23c6bbdc25,30000.0000,USDT,30005.76,"Tue, 01 Jul 2025 15:31:30 GMT"
TRON,TPqzCDPSVvhVQwsGwzuioFVy3Q3W9fQEQR,f6ce49a01eb3f117f5441dbe6761eb8a6c0fa27eb8952d8c7753748896b76a82,10000.0000,USDT,10001.92,"Tue, 01 Jul 2025 15:59:39 GMT"
TRON,TQJ7A2wskXW4DPBpY6uxoydcpy1DTmNYPT,b3bbc738ae53f4918f8a002406fb6bdeb3b2318e02ab515bcf2e86d2c9c04a14,1581.0000,USDT,1581.30,"Tue, 01 Jul 2025 08:42:15 GMT"
TRON,TSrk8mX3CC5Z9bdzCG9JrqUgW1VXHuiVdt,46a66922fd1cebd0b597cf530df3a7fa6fb5b3991af8014fa016df44926e1dda,2120.0000,USDT,2120.41,"Tue, 01 Jul 2025 13:16:27 GMT"
TRON,TYB2nWKfgxUcrVTpPP5u78ZsnHzgCNBWPE,4842b79cb610858f9ffc46799c5b55e0f6d8c3e315eaa89910cb0a47cd0d63d4,1790.3912,USDT,1790.74,"Tue, 01 Jul 2025 02:21:21 GMT"
TRON,TGSHBvynA7cgvtBHPUALEvVYb95A3oRuA5,ee3d4a6adb8ce15d13e95f0a991e2e322dfa405034e6606712a1cc000f7d1ed3,1500.0000,USDT,1500.29,"Tue, 01 Jul 2025 14:50:42 GMT"
TRON,TUNPmkaVk2JBmdQ7Tg3xaCeanjvea58nZ4,23ab665a30e83c2d202c2ec62c7439a92b3cd8c76967b88a76af1cb1919931fc,20000.0000,USDT,20003.84,"Tue, 01 Jul 2025 13:26:51 GMT"
TRON,TD4Hq2y2D3j3CYpMCzaQnQKQWUQnD1Vzn4,286095064fb4c4f6bfab3d986e57de9d00d084242e4915457d56bddecad001b5,2143.4846,USDT,2143.90,"Tue, 01 Jul 2025 16:13:45 GMT"
TRON,TQ4L7EnYrrobd23J4BVE6VgMRsgiCtPx5F,89438e0b048a5f4a440431ef363ba39e94cb5333ac5dac4590fb0ae52d41cd16,18656.0000,USDT,18659.58,"Tue, 01 Jul 2025 14:28:24 GMT"
TRON,THtnKgUf31JSLBbngbXHWE6PevWwnkP2uY,c0adf472b4435666694d142d255640518373afb1b715e85c9f611c11d7ab0355,1015.0000,USDT,1015.19,"Tue, 01 Jul 2025 06:55:06 GMT"
TRON,TC1FcuMGhVfuXagJCXzLnpKJaBz9qGHgwe,20d6a499d3b43fff0a8bf8992d39942bd7d782165cae1c39c06aee90f48e11d6,2000.0000,USDT,2000.38,"Tue, 01 Jul 2025 14:48:57 GMT"
TRON,TGPKuLVUJs4DxJgLnYymoaufxyb4rePCE4,6aad8d7c717b7f2e28e113b151a1d22127595a66c66d260dc94f47f1bb70dd18,2502.1415,USDT,2502.62,"Tue, 01 Jul 2025 00:32:18 GMT"
TRON,TGPKuLVUJs4DxJgLnYymoaufxyb4rePCE4,d2e8ca91132d489db06ce3ac220133c6ddac8d81acd913f3134707f382774aa1,1376.0000,USDT,1376.26,"Tue, 01 Jul 2025 13:06:24 GMT"
TRON,TGPKuLVUJs4DxJgLnYymoaufxyb4rePCE4,13d56ff397d5bdc9cd4bb6343ccc76f4e9e9a3c9fa95a86213b772e7b95891c1,1000.0000,USDT,1000.19,"Tue, 01 Jul 2025 13:36:06 GMT"
TRON,TGPKuLVUJs4DxJgLnYymoaufxyb4rePCE4,9717f4ac7dc13ce2ef3c0b86f544b154b60dd85c6bef98f5e25719e35d68f143,9000.0000,USDT,9001.73,"Tue, 01 Jul 2025 14:27:30 GMT"
TRON,TGPKuLVUJs4DxJgLnYymoaufxyb4rePCE4,7a5260d82f6f0ef634150acca73781dd5b197d2d6af8e9be4aa9ae4b62bf57d1,3000.0000,USDT,3000.58,"Tue, 01 Jul 2025 15:20:18 GMT"
TRON,TYtK9833VBDx4xbMnN1uWPY9cFF36ncQHE,92f81db6d533145daf277a5dfcaedd1f68e007050fb1de58c6b335edc3e09609,7673.5442,USDT,7675.02,"Tue, 01 Jul 2025 00:09:06 GMT"
TRON,TYtK9833VBDx4xbMnN1uWPY9cFF36ncQHE,c84e50cf931e99b6003f0167af949e90869f2fb73b7e51694402034a325f3797,3701.2413,USDT,3701.95,"Tue, 01 Jul 2025 13:59:30 GMT"
TRON,TTpSkEKmoH29X8Qi52jYS5VrcuKauNHUbr,5dcd28107a2d2b6c12400460a47b681b9f1b74cc3e02baf2185109f21ada8f7b,1994.0000,USDT,1994.38,"Mon, 30 Jun 2025 18:50:45 GMT"
TRON,TQQeWUGF6rRRAmV7Vs7feuB3uVqNuTGAfX,afc06befb1611308536b92dac910a3e81eb6894abd6fbd8247562c8035c87d18,3772.1500,USDT,3772.87,"Tue, 01 Jul 2025 12:31:15 GMT"
TRON,TQAqSUSWjD3bf19fQahiM7cHVpdFxK2EiN,1b831fe7ab2eaab6e70d96e4dc681e494c85b0370c973aaf74eb30f744be435e,2173.7485,USDT,2174.17,"Tue, 01 Jul 2025 09:22:09 GMT"
TRON,TQAqSUSWjD3bf19fQahiM7cHVpdFxK2EiN,bca07cfbf2acef5913581f96711478d6d78c39f8fe993b2a0e86ab1d947bfdda,6410.0000,USDT,6411.23,"Tue, 01 Jul 2025 09:34:39 GMT"
TRON,TQAqSUSWjD3bf19fQahiM7cHVpdFxK2EiN,017866972975b337be62a6b5044a132c96ca1c8a76e931c928962d97d6fff12e,8716.0000,USDT,8717.67,"Tue, 01 Jul 2025 10:00:24 GMT"
TRON,TQAqSUSWjD3bf19fQahiM7cHVpdFxK2EiN,335d12d892af36efc0ce31cb96dd1be36e94eff230e9b77aa8e607cf67e12c42,9999.0000,USDT,10000.92,"Tue, 01 Jul 2025 10:11:24 GMT"
TRON,TLRQS9aRAr8XxLRez81JxHgTj1JwsB8MZe,dea21c51a9014f747391824182bdfb3021206eab9f2d243c073a82a227a315d6,4463.0000,USDT,4463.86,"Mon, 30 Jun 2025 21:12:06 GMT"
TRON,TYntSJEXf1KAsEcooSY5K8v2iq7cLzA5Pb,b1a25a7f5b6b5f8b86837e8dfee9769b3cd30bd81adfc8f8409e61a70e5c5da2,3000.0000,USDT,3000.58,"Tue, 01 Jul 2025 11:18:18 GMT"
TRON,TNY3zidPzUseg49NPpNSfGh3FgxLuM1Wmx,abcafeddc5dbc5ee3de8eaf083536b0acc5d5be1d3572eb22242e936d9a275e6,2300.0000,USDT,2300.44,"Tue, 01 Jul 2025 09:37:30 GMT"
TRON,TCQgRVV5JhrJXPhbgjpKRwe2mTWcnpQzVu,70bb1e697b72af7f8379eb5182909166e8b9111bfc50c2ff962e3787957cd29f,16000.0000,USDT,16003.07,"Tue, 01 Jul 2025 10:57:24 GMT"
TRON,TXXcBUXLorJcxegEWjVW2FEJSg2WRiXvFH,26fd95ea3f7214acaa0c007f0aaa6ff1080ac5c5d41c9d924704ad3276de477a,190631.0000,USDT,190667.61,"Tue, 01 Jul 2025 09:02:24 GMT"
TRON,TTSZKxP1Eoa1YgKUKcyYkBZ6mq2jVMKiwi,9008b44dd67efb71f7c569e9f8270517008352086a0c17b5605827c673e719d2,1571.0000,USDT,1571.30,"Tue, 01 Jul 2025 13:52:09 GMT"
TRON,TXCSiorgLC81Lm4upbw11VtQG2kM7zPAJu,b82663e68d571768787341e4d4d819994540c27f97da6cd8625628e1ffea869a,3116.0000,USDT,3116.60,"Tue, 01 Jul 2025 12:00:33 GMT"
TRON,TXCSiorgLC81Lm4upbw11VtQG2kM7zPAJu,cafee30716bf50ceab067e662e98fcde022072f4974d74f1b3ed4a8baa7731d4,1700.0000,USDT,1700.33,"Tue, 01 Jul 2025 13:40:03 GMT"
TRON,TUgepkvtRQSCMbacb2qzTJNbBEp1E2Vsfx,2aacaf64f0a939a746901e902d5c0d7943b4bfabacb46bc1e2a3e4b0ea4b5379,1300.0000,USDT,1300.25,"Tue, 01 Jul 2025 10:23:42 GMT"
TRON,TNhWaajW4UnwvqqMDCV2wsoaVuw6rMk9Ys,bb7992d0deecf98c176f3c4c828acf163732b62051efc19f33fd4c470250c4af,1500000.0000,USDT,1500288.05,"Tue, 01 Jul 2025 14:42:51 GMT"
TRON,TMPJod4ZYj2d6QgYsLjr9M5SG1stJU2A1T,b567da97e82ac352feff4480a0b0d8be6495ace5c32f72a39965c1adac7960c6,61388.4572,USDT,61400.25,"Tue, 01 Jul 2025 05:28:27 GMT"
TRON,TMPJod4ZYj2d6QgYsLjr9M5SG1stJU2A1T,90fd4262d0f456b92f537c88660bacfb561d7cbf06913fd462585b342efda48c,49281.7286,USDT,49291.19,"Tue, 01 Jul 2025 09:31:45 GMT"
TRON,TH1vaEAbgpTW4D27HnmCN8WXgzo8gkhGhs,cf9547ef18cf0e2ae5c69ed1dfc8ee9f5f025e02fc27f43a5fc8cb00c209c450,57958.9000,USDT,57970.03,"Tue, 01 Jul 2025 11:58:21 GMT"
TRON,TH1vaEAbgpTW4D27HnmCN8WXgzo8gkhGhs,1526db88e5e2dd99ec911b53625be9c9c67dfce662011bf7571f671d5c96f3fc,50000.0000,USDT,50009.60,"Tue, 01 Jul 2025 14:42:39 GMT"
TRON,TH1vaEAbgpTW4D27HnmCN8WXgzo8gkhGhs,c83cd96b3b802d01a595b756f3932030b405520fa79cdbb19ce2a4c8e9fd0b0b,13700.6430,USDT,13703.27,"Tue, 01 Jul 2025 15:53:42 GMT"
TRON,TQuDXxqdRjFENmxw1qVc8YTsNriDjKeG98,88216f53df83ff564ee0032abeae07c00761a1e945c233f869308673e74cc4d1,600000.0000,USDT,600115.22,"Mon, 30 Jun 2025 19:44:51 GMT"
TRON,TQuDXxqdRjFENmxw1qVc8YTsNriDjKeG98,821a4b36658291bbdc7e85329807b9a01cc4a049990d50e6c108590dfeb60cd9,100000.0000,USDT,100019.20,"Mon, 30 Jun 2025 20:46:21 GMT"
TRON,TQuDXxqdRjFENmxw1qVc8YTsNriDjKeG98,145473ee627b601f66906bed1fc5ae67c6bf7d5168b70997c8d3316054c927de,399900.0000,USDT,399976.79,"Tue, 01 Jul 2025 08:20:03 GMT"
TRON,TGR8oh9U1HRPn7KsCNNLFcGw847LrQ4Wft,222bbef4f89263274b415d324e941ca694a2887c788bc7c31a83684601d1e8b8,7000.0000,USDT,7001.34,"Tue, 01 Jul 2025 00:30:51 GMT"
TRON,TGR8oh9U1HRPn7KsCNNLFcGw847LrQ4Wft,50f9ce6840271245540eebf3b19c4d5dec522c2835c194f51a8a31ff5f448fce,22000.0000,USDT,22004.22,"Tue, 01 Jul 2025 00:47:48 GMT"
TRON,TQRA5Z1ZdirDsc1DxxDEVwnpT2LJQEMeMA,991566a7428620faa4c2797fca24272d532411a235749f243436567dace13a41,10000.1078,USDT,10002.03,"Tue, 01 Jul 2025 00:11:00 GMT"
TRON,TNkd69X8rDsVQFNJuXnmcUHNsTvWt3nNmT,1bcb65d2c52fd47af4c07ef79feaf3d79695943eff8560f25e945bb97a4562e1,8690.0000,USDT,8691.67,"Tue, 01 Jul 2025 05:14:48 GMT"
TRON,TNkd69X8rDsVQFNJuXnmcUHNsTvWt3nNmT,e696184ad86d7360eea877bf5b517099cd90b19f473f6ebca4d1f3953c54558e,1050.0000,USDT,1050.20,"Tue, 01 Jul 2025 12:12:24 GMT"
TRON,TU7pZgep543JKDGF52Qsm375nrPyBfXDCs,e0fd8d7e201d2ed7ceee1e88ea2109642297bbef2e1a1fb421af31f1ca670ca5,25000.0000,USDT,25004.80,"Tue, 01 Jul 2025 09:41:21 GMT"
TRON,TU7pZgep543JKDGF52Qsm375nrPyBfXDCs,1dad7eedf9c73569cc21fec12262213245faac562e3683b1813aa679b8d20607,3950.0000,USDT,3950.76,"Tue, 01 Jul 2025 13:42:03 GMT"
TRON,TU7pZgep543JKDGF52Qsm375nrPyBfXDCs,004a7b6194456c9df0e1683f7b6d38c581acc08d49649058d42c4e6f1d732588,18000.0000,USDT,18003.46,"Tue, 01 Jul 2025 14:05:30 GMT"
TRON,TFcu6d1HMfnEHyb7SJL767PzsgXe4V6rEm,83874d7c5732ee9b6ad30f0780e20188092753f30a43128845abc5a94f836683,1000.0000,USDT,1000.19,"Mon, 30 Jun 2025 19:57:00 GMT"
TRON,THv6AB7Y7cn5pTEN95QgPexNXKdknb9ku6,2f92bfd2815d694e0073e4d6baa17e5c42f3dea1b0affd43f3b75e0105de3a9e,5353.0000,USDT,5354.03,"Tue, 01 Jul 2025 12:29:09 GMT"
TRON,TNLSmMN1NDyNYVGn1EbPmAqVTFsbJJamFJ,9965ac5cf53680b1565dbe3a07a06e5a69187edd1a7fcc7a384a75d3c7bd1a58,7525.7000,USDT,7527.15,"Tue, 01 Jul 2025 08:31:15 GMT"
TRON,TNLSmMN1NDyNYVGn1EbPmAqVTFsbJJamFJ,d1bc082f9f758703a274981fdd1a36056a6a6f4c4079e5d9ceae38bd3cf6af30,2474.0000,USDT,2474.48,"Tue, 01 Jul 2025 12:13:03 GMT"
TRON,TGn6D4D4ZEPoQ5XVNoUMRHaGLHNr4d2sHd,7b562b43215a9375f2b182178ee8efe8600a9b2da29b176b371b94314b447b8e,17000.0000,USDT,17003.26,"Tue, 01 Jul 2025 13:41:00 GMT"
TRON,TVd3VUsm2bnVZZMXahcJxW1Qr6rUo8EJZa,feeffdea6d1985dbd941a392c280270ad3b7cbd0dd671cf8f54e47f02683478f,2587.7000,USDT,2588.20,"Tue, 01 Jul 2025 02:34:06 GMT"
TRON,TEBmUKe84P26ny48JZYR2TraJ4kEhgrp8o,9e6d3cedc0075f6867e2d86e1cab4069316dc797150878c8d023b01bf52a0fdb,33039.6000,USDT,33045.94,"Mon, 30 Jun 2025 22:35:03 GMT"
TRON,TEBmUKe84P26ny48JZYR2TraJ4kEhgrp8o,bfbb11dc7c270946888b784c6865c6d725b690e7177124fae114521775453b1d,10000.0000,USDT,10001.92,"Tue, 01 Jul 2025 13:00:12 GMT"
TRON,TEBmUKe84P26ny48JZYR2TraJ4kEhgrp8o,5aa2a728f3fb0f0895476ea48c674d50bd386f375632c65771dd756fb13494c0,30303.0000,USDT,30308.82,"Tue, 01 Jul 2025 15:30:03 GMT"
TRON,TBzqTsWpwDbFRpQKWLRkbg4RPqmx5QzAbn,97d88d37d6959c1d84ba562633c5c189816092b500e68e620bf67e50cb36a365,2500.0000,USDT,2500.48,"Mon, 30 Jun 2025 19:32:21 GMT"
TRON,TE66zKFJox3wteASQj9jfNnebawu1YCKxu,92d956ef68366e969bdcc1408a899f24f779fb9a038e739ddc19a72e9554e7a0,1500.0000,USDT,1500.29,"Mon, 30 Jun 2025 18:42:06 GMT"
TRON,TE66zKFJox3wteASQj9jfNnebawu1YCKxu,2102994830a31730d86012fc16a040de024bd662c3e269ee17f3accf7ab52d40,10000.0000,USDT,10001.92,"Mon, 30 Jun 2025 20:06:03 GMT"
TRON,TE66zKFJox3wteASQj9jfNnebawu1YCKxu,97d2b5737e6f0b2dcec7fee6bbfae64176c31ba3c1e9f82f5c49e3ecd3aabd4c,3000.0000,USDT,3000.58,"Mon, 30 Jun 2025 21:24:03 GMT"
TRON,TE66zKFJox3wteASQj9jfNnebawu1YCKxu,a956cf9fa24d741719e1da91d2c8576ce52f6a0dc5fcc59618df7659a4e2bfdf,1400.0000,USDT,1400.27,"Mon, 30 Jun 2025 21:29:21 GMT"
TRON,TE66zKFJox3wteASQj9jfNnebawu1YCKxu,e4d7e1b373675a3e0121762b89f22a93f71f6f21bc7637035cb90d8ef87ff7c2,1000.0000,USDT,1000.19,"Mon, 30 Jun 2025 23:12:48 GMT"
TRON,TE66zKFJox3wteASQj9jfNnebawu1YCKxu,2704ec6b0636213c7569325c498b39ecdf3cc2241d3a678b4eef4855d5417673,1000.0000,USDT,1000.19,"Mon, 30 Jun 2025 23:13:54 GMT"
TRON,TE66zKFJox3wteASQj9jfNnebawu1YCKxu,c428617640b91407aaff1c4ea9ed7ca5498b78db872bc43b86e81bdacd87ff2e,6700.0000,USDT,6701.29,"Tue, 01 Jul 2025 08:43:18 GMT"
TRON,TE66zKFJox3wteASQj9jfNnebawu1YCKxu,e038c659319adb732cbfe6750a2766a287afc01710deba42a91475db6ca83f25,1000.0000,USDT,1000.19,"Tue, 01 Jul 2025 13:26:12 GMT"
TRON,TWLJqYCYTbbMSzwdTFWJNnWWEWfzC6M9Dt,9588fe1eea015e35dca0a8816f4dd26aabe282d2b5c540d77d2edace14cb9933,2500.0000,USDT,2500.48,"Tue, 01 Jul 2025 12:16:09 GMT"
TRON,TWLJqYCYTbbMSzwdTFWJNnWWEWfzC6M9Dt,dfe5268be0abac237021b6cfb96cd9c2e03f8360157328ed3b2cd6b3d998e7fa,5000.0000,USDT,5000.96,"Tue, 01 Jul 2025 12:18:42 GMT"
TRON,TWLJqYCYTbbMSzwdTFWJNnWWEWfzC6M9Dt,55e3d3dab3f91f727440433ddd0b857ceaff8fd36e26c9c91afb0d2264f6ebb6,5040.0000,USDT,5040.97,"Tue, 01 Jul 2025 12:21:06 GMT"
TRON,TB4omuNkntN2S5Mq6v2Di3ufW9KCWfWDkZ,b8e40b001a4c8f86902b87076441b177c53a41e970889b22b6db49c6b196871d,15000.0000,USDT,15002.88,"Tue, 01 Jul 2025 07:06:09 GMT"
TRON,TASZMLkP6kjyumeDtGnTFpeJgaahgGDKU8,b6f196c61f2762ef1f59f4053d3072f36b4a8af68b73b9bd42f00c6831ed3eb6,20000.0000,USDT,20003.84,"Mon, 30 Jun 2025 19:54:39 GMT"
TRON,TASZMLkP6kjyumeDtGnTFpeJgaahgGDKU8,c184f161dc62ea1c001e5d5d503ce36706e93bac3361791567acf7f03e6a0fe9,15862.0000,USDT,15865.05,"Mon, 30 Jun 2025 22:34:51 GMT"
TRON,TASZMLkP6kjyumeDtGnTFpeJgaahgGDKU8,dcb480fcc5e62e952e8747d742a9ab4cf4f15055367e7a2a54e25fb8c0745866,2350.0000,USDT,2350.45,"Tue, 01 Jul 2025 10:20:42 GMT"
TRON,TASZMLkP6kjyumeDtGnTFpeJgaahgGDKU8,376600dfea5b9c3c8c9ac49ea8c7f11aa3245265c885d74041561b8dddf4a657,6549.0020,USDT,6550.26,"Tue, 01 Jul 2025 11:37:12 GMT"
TRON,TASZMLkP6kjyumeDtGnTFpeJgaahgGDKU8,caffb332a41d8a64dc44330ff652d3513c7d487fa8d7183f991bf771aa3cfa46,1898.0000,USDT,1898.36,"Tue, 01 Jul 2025 12:39:24 GMT"
TRON,TASZMLkP6kjyumeDtGnTFpeJgaahgGDKU8,e09e3345392f42bfd2df508abd7edec542f00a36e2672f492e521a4637a6c58b,7500.4500,USDT,7501.89,"Tue, 01 Jul 2025 14:35:36 GMT"
TRON,TWdQBccBXCWdRzXXFdN69T86UV33Yfqg6z,f9ea3c7c302d43ae6fd22708240be97d3dd8fe06ea862362efe835ff72574e46,651544.0000,USDT,651669.12,"Tue, 01 Jul 2025 10:57:00 GMT"
TRON,TWdQBccBXCWdRzXXFdN69T86UV33Yfqg6z,bca0f54164a0c859b6b11751bf02527ad50da9b869fad5ac0a8b3cc4354ecc44,46144.0000,USDT,46152.86,"Tue, 01 Jul 2025 10:58:39 GMT"
TRON,TWdQBccBXCWdRzXXFdN69T86UV33Yfqg6z,1a5afab2d9ff38eee92a1be75e1e160dec77e4b3f44dfb7cb20ecdab1c362bcd,3228465.0000,USDT,3229084.97,"Tue, 01 Jul 2025 14:22:36 GMT"
TRON,TYrkoY6qpa44BJH9e88xT9MCrfCyLmjKY7,ae369c35ec5838b19f189643b1ae9327d39eebf382bc441a291a8abfb7cba2aa,32474.8905,USDT,32481.13,"Tue, 01 Jul 2025 00:44:54 GMT"
TRON,TYrkoY6qpa44BJH9e88xT9MCrfCyLmjKY7,6a8f32ecf21410dd6d179a9333460dea9f9797e6ab4b2df49fc4c960314f7d7e,1331.5000,USDT,1331.76,"Tue, 01 Jul 2025 01:54:24 GMT"
TRON,TJQd26qJMPBcqngGrsP6miLqDHgdinzF8z,d27937b6312dd54673d39b24a0b0d2e5aaa92875fc76da94d76570a0f3a41725,35000.0000,USDT,35006.72,"Tue, 01 Jul 2025 16:41:09 GMT"
TRON,TJQd26qJMPBcqngGrsP6miLqDHgdinzF8z,b1d7a9c48413fc38592af0848505b2c88b738aceb7d8b095671a3854e6addaad,35000.0000,USDT,35006.72,"Tue, 01 Jul 2025 16:53:42 GMT"
TRON,TSuSQQxeMJ7XYPfHucfCMX4uMPFVJT2sxS,2a02c3335781b9f5f3f0a62534ba0f14ad76c39b2882cbb3b4c21e06af608888,500000.0000,USDT,500096.02,"Mon, 30 Jun 2025 21:17:12 GMT"
TRON,TSuSQQxeMJ7XYPfHucfCMX4uMPFVJT2sxS,a45876d86095743ef0c36dcbdc7d275f6cd0c3b80126c1442abb998d7bed0df0,775007.0700,USDT,775155.90,"Mon, 30 Jun 2025 22:53:00 GMT"
TRON,TSuSQQxeMJ7XYPfHucfCMX4uMPFVJT2sxS,471bbfd5c50076ace65b83bda1e5968fc2b8930eb9c1cda6e2018ecc66c0da9d,956497.0680,USDT,956680.75,"Tue, 01 Jul 2025 02:58:18 GMT"
TRON,TSuSQQxeMJ7XYPfHucfCMX4uMPFVJT2sxS,873e5b9c37b6ed2b3e72842d3bf3c41d211a0945fa2fd931deb003dfba88c698,250000.0000,USDT,250048.01,"Tue, 01 Jul 2025 13:07:24 GMT"
TRON,TSuSQQxeMJ7XYPfHucfCMX4uMPFVJT2sxS,d537dafe50e0cb2b35cbe66db02c980a5cade8844234a4dd0dd2538cbc05b0da,300000.0000,USDT,300057.61,"Tue, 01 Jul 2025 15:20:00 GMT"
TRON,TTRyUaNbQ7XGFDdiGsYq6FMgZq7mdkUVzN,c9ee4a75d2db544834fb8753c2a9491b0867a8767afa0a19593c76fef7c93326,64090.7573,USDT,64103.06,"Tue, 01 Jul 2025 02:06:27 GMT"
TRON,TTRyUaNbQ7XGFDdiGsYq6FMgZq7mdkUVzN,7dfc7bba8420c84f0ec548b8dd0b114a880e0fad920568e2e8537e2c5f0f728f,6812.7162,USDT,6814.02,"Tue, 01 Jul 2025 07:51:42 GMT"
TRON,TTRyUaNbQ7XGFDdiGsYq6FMgZq7mdkUVzN,f4ff07237dbacb654e1a160177e5581f2def9b242093a84a2ee8ec376d4ef82d,13683.4880,USDT,13686.12,"Tue, 01 Jul 2025 12:55:48 GMT"
TRON,TU28ESb8UWFe9krYrQyjPvG6167QsnzVfy,fa511245c0ac1937e3db64f3660cf8eac2fe2b6484efb87e30a515b2213fd69b,5835.0000,USDT,5836.12,"Tue, 01 Jul 2025 10:21:54 GMT"
TRON,TDbLFeHFTGyhT9i6hBpW5NNbeuVzWDNkLf,fc290ea7337224e183384cc226f7ccc52d4bb30886247534df754d88aa21ae47,6300.0000,USDT,6301.21,"Tue, 01 Jul 2025 14:12:24 GMT"
TRON,TNagP9wbUmvmMFyjwveJqh96gX3dr1LYKT,50a6195daaba15a48b209395ab73253ed829887cc68910bd0b744d947c029478,119916.0000,USDT,119939.03,"Tue, 01 Jul 2025 12:13:51 GMT"
TRON,TNagP9wbUmvmMFyjwveJqh96gX3dr1LYKT,82482cf10124368f645c63c1e9763c1a58e7a6629522752ff8a7a06390c9cfae,780412.0000,USDT,780561.87,"Tue, 01 Jul 2025 13:53:15 GMT"
TRON,TSzuT5D23mT4QnSP9ugdvkg5V4ook6TEME,669abfd786aabfec1aa177760ac7dba9b91586f0bbffec5abfb2eb7f4f61f206,9259.2000,USDT,9260.98,"Tue, 01 Jul 2025 03:02:51 GMT"
TRON,TSzuT5D23mT4QnSP9ugdvkg5V4ook6TEME,de8f2ea80fdef7e4e79fc0e0921a150ba90bc1308c80e6714e0c714f320f5f79,10802.5000,USDT,10804.57,"Tue, 01 Jul 2025 12:40:27 GMT"
TRON,TSzuT5D23mT4QnSP9ugdvkg5V4ook6TEME,860533098991160a7ca75f328db587ad05beca1ef2a0a59f1436a5ae85f8af99,6172.8000,USDT,6173.99,"Tue, 01 Jul 2025 15:48:54 GMT"
TRON,TF3mNvSAPPpMxGYXft451PxcEA9SPmss2N,7bf66ac43a1d1705d268ae7b3af46a7dd1bb109b939d048e2279fc303f95ad0b,96000.0000,USDT,96018.44,"Tue, 01 Jul 2025 01:28:09 GMT"
TRON,TFaZHRVGjWtev9CQousWSZ2snUriPy8eoZ,eae2d46707f7e89f6d930b716d7434f9ab409c2441e44b36ab1e3d28ab7caf45,4000.0000,USDT,4000.77,"Tue, 01 Jul 2025 01:28:45 GMT"
TRON,TFaZHRVGjWtev9CQousWSZ2snUriPy8eoZ,532304e0d3fed5b8c11abccbd34ccd6117096d49e640e6d6c48bcef6121611c8,1000.0000,USDT,1000.19,"Tue, 01 Jul 2025 04:50:18 GMT"
TRON,TFaZHRVGjWtev9CQousWSZ2snUriPy8eoZ,49d3d0693db5e440deb3cf882b90fbfecab632d87a4be900f2e1317aa5cd486e,15384.7000,USDT,15387.65,"Tue, 01 Jul 2025 05:20:24 GMT"
TRON,TFaZHRVGjWtev9CQousWSZ2snUriPy8eoZ,c446c864bc5c9dafbd4fb40d7ade3e9a846d7bdc5f3a8f8618d113e5a085a6d7,35573.0000,USDT,35579.83,"Tue, 01 Jul 2025 05:58:42 GMT"
TRON,TFaZHRVGjWtev9CQousWSZ2snUriPy8eoZ,c4582a28fc94e230b0ce3092cb11025745ae56e591eb8dc87c37bf82d233b02f,10000.0000,USDT,10001.92,"Tue, 01 Jul 2025 08:12:27 GMT"
TRON,TFaZHRVGjWtev9CQousWSZ2snUriPy8eoZ,cef67a5939eecf8afba6a21c4ba754b8f7fa796cb23aa6780279e46858babfd4,6995.0000,USDT,6996.34,"Tue, 01 Jul 2025 13:42:12 GMT"
TRON,TR735BrXuA8b6mcwejTfKuS46wZSfAw5vu,b526692e0529af6741356de1ce810c11aa74c9342a10117c279226d3a3d5c5d8,100000.0000,USDT,100019.20,"Tue, 01 Jul 2025 01:27:57 GMT"
TRON,TAH2XvGV3oacUVZrcHK7ToKavaEAtiqzGu,00bcc9fd18dc196d04ede63e0c24d3530e6b4eeb1f453d295b828710ee8b8473,2677.9700,USDT,2678.48,"Mon, 30 Jun 2025 19:03:06 GMT"
TRON,TAH2XvGV3oacUVZrcHK7ToKavaEAtiqzGu,328326f856982f49e446d17931892d40b92765f07b2e654cb4bcf70ea2cbea1e,39900.0000,USDT,39907.66,"Tue, 01 Jul 2025 03:40:33 GMT"
TRON,TQDrHp1xzbbgpEt1dNwKK8hjPmNAxRYg4V,1e0a3d21ba486c4dfc1722153a9c635ca8a2a40d8e5bbb9d16c013cde2aabe76,1704.0000,USDT,1704.33,"Tue, 01 Jul 2025 16:24:48 GMT"
TRON,TPygwFbP8zCnn9EVENVRhitpSbD8xbUNsd,3f424b7ec8f1b2f8e82e148b5862d7af6bfef9aa3a43999dce2c302e9d8b10d1,15000.0000,USDT,15002.88,"Tue, 01 Jul 2025 03:31:42 GMT"
TRON,TUGKkyLHdUokKniadW2D6E4hyrxXhNTgwN,283ffbe8c6c2bc3cf44d2b4a006da61bdf329f8213f0aea967f80cdec3b0729f,1060.0613,USDT,1060.26,"Mon, 30 Jun 2025 18:33:39 GMT"
TRON,TUGKkyLHdUokKniadW2D6E4hyrxXhNTgwN,68e66da93d22382f4aaf0b16cc81d229f6c456c83db39d852393b5fe8d844d9d,2772.4260,USDT,2772.96,"Tue, 01 Jul 2025 08:10:45 GMT"
TRON,THWjr4TtTc63WGtPgQV4KSZHJU8EvEojp1,4c24432e308f9b1db1781a9779e3d2c33d5bd7b1bee4bc05bc0cc64f495607a1,12000.0000,USDT,12002.30,"Tue, 01 Jul 2025 12:27:51 GMT"
TRON,TB5q2EzQxZobnrg15GVA9mqRFBwvcCdULk,978a26fe5e0995da9d2b1612a71f8deadb625e6778def26130745bdc7ca7a5c4,300000.0000,USDT,300057.61,"Tue, 01 Jul 2025 13:50:00 GMT"
TRON,TK3nJARCsHYxxsNLMQSwhQfd5QwJVcaWDs,0e9a5e1a0bdfb0ab05258af94c76019f09a2d45e9378f476cedd5bb2f2319177,37822.9300,USDT,37830.19,"Tue, 01 Jul 2025 16:36:33 GMT"
TRON,TWScUqXnmeup7PUtdrDvVkbjYUrsdpPoAu,c3965409edb2cb21c77e181dfdd40a90c251a3f4ba63ab9ca47cee57644ff836,3500.0000,USDT,3500.67,"Mon, 30 Jun 2025 20:17:03 GMT"
TRON,TWScUqXnmeup7PUtdrDvVkbjYUrsdpPoAu,a8dc0582eda9a7d88db997bf6f9ddec71ae6772787c8acb3d96503080e37f71a,3500.0000,USDT,3500.67,"Tue, 01 Jul 2025 08:37:36 GMT"
TRON,THaMFxfXJY4KMVmyiBwxp8B7BZPH8YWqv6,a9d42b54076b8492a2b54e196fc50fb351d92ad0e6d62bfa6a718b2f2066aa4d,22000.0000,USDT,22004.22,"Tue, 01 Jul 2025 14:39:09 GMT"
TRON,TLdEYNruUt4BDBZNktV74vcXMLmQuK4LjL,c437483975f0c83f0cda31e4f1f4afc16e7e6109123ef2c888749f5573545ae2,62220.0000,USDT,62231.95,"Mon, 30 Jun 2025 23:39:24 GMT"
TRON,TBXVMwLNaNyed96txWM5Q16AgbNADWTjcN,3b124841bb67f474cc700972c301b3b0c73890a98524cce45b678abab6de553c,6498.0000,USDT,6499.25,"Tue, 01 Jul 2025 03:09:12 GMT"
TRON,TRRLxpim2Xo2vrdjDmMvbhzt5VEnhfqpmz,095f2c778b87685132d824de5f3793adb39087c9bf43d4d5bcc1c21afa8c569c,1002.4756,USDT,1002.67,"Tue, 01 Jul 2025 16:52:09 GMT"
TRON,TUG6CMeUjKMWGcUHRiypaTqnux8e6qVabo,0377d346ea3f75b6c7563d12e6c124d8d8b293abcc661242b6b64a171c196b0f,4668.0000,USDT,4668.90,"Tue, 01 Jul 2025 11:36:06 GMT"
TRON,TAaTeVth6uuFEwWQ9TiAf7JXcgnZr3AbF3,ec7b7e04d898bb55051106539b39d58c93d13e33856c8076a5437822b00863ac,405436.0000,USDT,405513.86,"Mon, 30 Jun 2025 21:46:45 GMT"
TRON,TAaTeVth6uuFEwWQ9TiAf7JXcgnZr3AbF3,3db9aaa9b6be7351227d2f09c3a1402ee7b7ff6d40bd7ed32eddbf6d6276c0ed,226130.0000,USDT,226173.42,"Mon, 30 Jun 2025 21:56:09 GMT"
TRON,TAaTeVth6uuFEwWQ9TiAf7JXcgnZr3AbF3,9b8a1e3117a4bd37769f7862bf3416789052e3a492882742bfc95d88c1bc9d11,17960.0000,USDT,17963.45,"Tue, 01 Jul 2025 16:36:18 GMT"
TRON,TUJAem2WGuvQQAM1M9XstpB8oC17BDEtvg,d553e5c9ff2c31107a0394b12c4cb74263f24738163c740635610b4c8605c3fb,20000.0000,USDT,20003.84,"Mon, 30 Jun 2025 20:23:42 GMT"
TRON,TUJAem2WGuvQQAM1M9XstpB8oC17BDEtvg,154418d5889bf675b64a1a68f5eac8613c91c7e17fa5d79a3648e3bbaabb2078,20000.0000,USDT,20003.84,"Mon, 30 Jun 2025 23:47:21 GMT"
TRON,TUJAem2WGuvQQAM1M9XstpB8oC17BDEtvg,505308df95a21f2e93d8fc940170ab8c24e6ca58a9f6bf715cad57e2f6836447,1000.0000,USDT,1000.19,"Tue, 01 Jul 2025 01:23:48 GMT"
TRON,TUJAem2WGuvQQAM1M9XstpB8oC17BDEtvg,5fb3c1752ac414a422dcabf2263f80b9cd1b5f647677aeb7072980f5d7bcda13,20000.0000,USDT,20003.84,"Tue, 01 Jul 2025 16:16:48 GMT"
TRON,TGkmdLXBYh2yeFPGffz7wUxtJxDgVvcLXU,3b8118d9b27daa8c7aeb773f8296c7672571fc9b11e9a6649fb9f6873117c5aa,20284.0000,USDT,20287.90,"Tue, 01 Jul 2025 01:27:06 GMT"
TRON,TYN6JjRmWHE81tZRNhYmzDp2h1gW1CWqFe,c671acf9c6e140c59bce70264fcf59132dc201f14dfe36083298660ecc88fb6f,108788.0000,USDT,108808.89,"Tue, 01 Jul 2025 11:33:24 GMT"
TRON,TYN6JjRmWHE81tZRNhYmzDp2h1gW1CWqFe,e6f240ecc40a4a98c7d23894f5cccc84b58a731dcfb967706b7b663afbfb0283,355000.0000,USDT,355068.17,"Tue, 01 Jul 2025 12:41:30 GMT"
TRON,TYN6JjRmWHE81tZRNhYmzDp2h1gW1CWqFe,056faa19e4b15d5031db240735489c0e32c037b15829fd8117d8025746153862,1128.0000,USDT,1128.22,"Tue, 01 Jul 2025 13:03:33 GMT"
TRON,TAncVQKwBfprCLVNSp8BXxHjLvJdwSFB3w,b69a536c2802fe5793e6ac26ddf985e82509317066c93e9985d476ae38b03bac,17695.0400,USDT,17698.44,"Mon, 30 Jun 2025 21:06:09 GMT"
TRON,TAncVQKwBfprCLVNSp8BXxHjLvJdwSFB3w,1205754eed4100908633dbd25c97da003d51544a10893faec7b79b99b604a494,7530.0000,USDT,7531.45,"Tue, 01 Jul 2025 14:55:42 GMT"
TRON,TYii3V7vJ3P4f5aN65yhm1EjiVM49LGNTa,45c9c6f347b10923a80b82f5323884f77fd00cf22bd900ebba64104b7b15573d,32677.8360,USDT,32684.11,"Tue, 01 Jul 2025 04:19:12 GMT"
TRON,TYTcK4za9tHjvumpVFB5gWQB4C2dGxPzQa,3d0beb1fe084852199df8d1f7e96d6eaa88438379215c28d6d1286d9b124107f,9537.0900,USDT,9538.92,"Tue, 01 Jul 2025 15:33:27 GMT"
TRON,TYTcK4za9tHjvumpVFB5gWQB4C2dGxPzQa,ce8d55d88e4bf26e2d7182c9997d52aa0ae3add423229cef71759152b83ff856,9537.0900,USDT,9538.92,"Tue, 01 Jul 2025 15:33:36 GMT"
TRON,TYTcK4za9tHjvumpVFB5gWQB4C2dGxPzQa,ec693ea11f5d6a3a6379df6c6f898e8a8b28a0b169e4c0ad136774eccfbb4144,9537.0900,USDT,9538.92,"Tue, 01 Jul 2025 15:33:42 GMT"
TRON,TG77csCEQFBQTTZNUpEsMLUgb9787xsXi2,f8423ec18f83b329b4a145e5415dacda2df5cd10cd07fb56b92108a1bd9c9adf,1000.0000,USDT,1000.19,"Mon, 30 Jun 2025 19:01:51 GMT"
TRON,THUWbxSBZyoM5ULs1tH7VMeTtgA7cikiGR,f276a28c66f8802bfe6d74f91a5f8eb429b1146e07ca6a98ccac1666abd497ca,17695.0400,USDT,17698.44,"Mon, 30 Jun 2025 21:07:51 GMT"
TRON,THUWbxSBZyoM5ULs1tH7VMeTtgA7cikiGR,a2a59e5409d6401e39444bb70b3ff4b0b8aec477c0890e64273552a7e28f1f58,7530.0000,USDT,7531.45,"Tue, 01 Jul 2025 14:52:39 GMT"
TRON,TLtY59Q5fWtLpAz3bC1gFoj3UgzGwmWmxV,d0a85dacdeb5f97c2df9c44a25e5f0f844ba2017b7ee0f2b7e1fc3cefcfa081f,1500.0000,USDT,1500.29,"Mon, 30 Jun 2025 23:10:27 GMT"
TRON,TLtY59Q5fWtLpAz3bC1gFoj3UgzGwmWmxV,aef71297662ddd4267e87784df2e90819682cbb06d16606ed2b298b64fad2ba4,2500.0000,USDT,2500.48,"Tue, 01 Jul 2025 03:52:51 GMT"
TRON,TLtY59Q5fWtLpAz3bC1gFoj3UgzGwmWmxV,b8f28f821d911c572587f4a5d0b58f91179216b8ebc1e70f129804ce16d52d9b,1000.0000,USDT,1000.19,"Tue, 01 Jul 2025 11:21:24 GMT"
TRON,TLtY59Q5fWtLpAz3bC1gFoj3UgzGwmWmxV,f451c369ee0fdda1f247ac2fd4ab2b97e1954ae648f1c7624538570423e6c92c,6000.0000,USDT,6001.15,"Tue, 01 Jul 2025 14:27:39 GMT"
TRON,TKpYdfzqKMvi4Bs5ojEBwYiTcwKHUMZypW,7ccb479ee9b5d4326f01d22ff77590c9a4f1a08d35b5b5828d6da2c3f2061742,40000.0000,USDT,40007.68,"Tue, 01 Jul 2025 12:42:12 GMT"
TRON,TKpYdfzqKMvi4Bs5ojEBwYiTcwKHUMZypW,071e2604563f89c408430d72030f33c0bec87aef9fce794ca8c50d11c8df068b,33499.0000,USDT,33505.43,"Tue, 01 Jul 2025 15:26:45 GMT"
TRON,TRCRHrd62NqxDqxZToKgxGufceFysEsqLa,1e7879ad4603817b3b3b6bfcb86fe7c837c4c1ede6728e223a25015e9dda7b79,5834.4220,USDT,5835.54,"Tue, 01 Jul 2025 02:55:42 GMT"
TRON,TRCRHrd62NqxDqxZToKgxGufceFysEsqLa,694d815fb982fc652f8320b80c1f6daed5850aff0caffaa84a5fb7c4fc71ca1d,5838.2524,USDT,5839.37,"Tue, 01 Jul 2025 06:21:27 GMT"
TRON,TRCRHrd62NqxDqxZToKgxGufceFysEsqLa,a4cf42ee17521ff833c1859c4651560e98f976673d2910222e8307537f825f5a,5839.5530,USDT,5840.67,"Tue, 01 Jul 2025 13:54:18 GMT"
TRON,TQQygc1DuB8iqsMBSXy7WQFzwPxYnk4Ht4,ef4a2df64a5895e76dbf859eda6fdcbdbc837efd86616b6ca4ad071b2557f8f0,7000.0000,USDT,7001.34,"Tue, 01 Jul 2025 10:23:24 GMT"
TRON,TRQhxYbRuv5juTuYZEn1mjwFybLXzFhiz8,d5867329e54dd989f743d2cc04ce42b2138947c63b03b320db43acfe8256f741,88813.3607,USDT,88830.42,"Tue, 01 Jul 2025 02:16:36 GMT"
TRON,TASSp1wpTk9gsBQzhbDwnBfdRY9ev9587v,180d5fbda520491a4cd4057b585a528d735388816b0f53d9ffe66348aabef282,8134.5000,USDT,8136.06,"Mon, 30 Jun 2025 20:45:09 GMT"
TRON,TASSp1wpTk9gsBQzhbDwnBfdRY9ev9587v,9c5c993468a6d3ccb2a4c6f33f49a81844b09d1efdac4968b498b37c4591f5b2,5450.0000,USDT,5451.05,"Mon, 30 Jun 2025 23:18:09 GMT"
TRON,TLx3DGqo3CivGoGLUxnxvSMZc9eH9ZWVbV,990c2a3cb6bb34f449110a60b4620ed5b4557fd593bbee4508559fe07876cea3,3000.0000,USDT,3000.58,"Tue, 01 Jul 2025 10:37:21 GMT"
TRON,TDrGLwnxvMjTJMNW4VN6SVrSCJF9idGkM8,cbbee4834ad98573ff2e1e742dd2a375c78c784af38864f8fa4f089b0629255a,1200.0000,USDT,1200.23,"Mon, 30 Jun 2025 20:05:18 GMT"
TRON,TDrGLwnxvMjTJMNW4VN6SVrSCJF9idGkM8,584429c970863c16d7409bced22c545f2dbe4c80bfeb6486720eed2923088ad4,5000.0000,USDT,5000.96,"Mon, 30 Jun 2025 21:02:12 GMT"
TRON,TDrGLwnxvMjTJMNW4VN6SVrSCJF9idGkM8,3358043004a019a6bfef643647ddbe799f4693fa39848d0fcd40446546d55c00,2000.0000,USDT,2000.38,"Tue, 01 Jul 2025 08:07:15 GMT"
TRON,TDrGLwnxvMjTJMNW4VN6SVrSCJF9idGkM8,2dab8b38016a66be67ab102af33ded50f86b722c6a6ab4d2aae29d669e56d187,7900.0000,USDT,7901.52,"Tue, 01 Jul 2025 08:53:15 GMT"
TRON,TDrGLwnxvMjTJMNW4VN6SVrSCJF9idGkM8,36497142012cad5bffa55ef2407ffb20329b39bd9747b5872459494d066f4a7e,12102.0000,USDT,12104.32,"Tue, 01 Jul 2025 09:01:03 GMT"
TRON,TDrGLwnxvMjTJMNW4VN6SVrSCJF9idGkM8,d2f7ce0404b2c7c36342433e3ee04fa5e354e154fa42fb4f56a9ed3dc35f9395,55999.0000,USDT,56009.75,"Tue, 01 Jul 2025 10:16:45 GMT"
TRON,TDrGLwnxvMjTJMNW4VN6SVrSCJF9idGkM8,c1ebe4338098bd198b1ca2fdf1b25d74031bbd4f6be330d092ac0b4227988891,50000.0000,USDT,50009.60,"Tue, 01 Jul 2025 13:24:15 GMT"
TRON,TDrGLwnxvMjTJMNW4VN6SVrSCJF9idGkM8,426488fb7e5a2ebca48bf869a64dc00f76b4bfe9ac52c90d54dc8ca1ee367341,5000.0000,USDT,5000.96,"Tue, 01 Jul 2025 17:05:15 GMT"
TRON,TFDGZej3pmdMuxaA7kXnyYGrmtYwYZuE57,3b3df97b6ac75b6cccc05dca29270151ca967f49753295e67efe0c7dfaf080d6,7293.0000,USDT,7294.40,"Tue, 01 Jul 2025 08:50:06 GMT"
TRON,TFDGZej3pmdMuxaA7kXnyYGrmtYwYZuE57,183a232ca067a5071c9ba0d6a4a535ee5cba4ca785b92656407bd00c02ec275a,4582.0000,USDT,4582.88,"Tue, 01 Jul 2025 09:59:15 GMT"
TRON,TFDGZej3pmdMuxaA7kXnyYGrmtYwYZuE57,a43e7713482fea9f5529428f6dd1f355618f938cd932a64f2bb63e07c637ab89,40111.0000,USDT,40118.70,"Tue, 01 Jul 2025 14:28:57 GMT"
TRON,TFDGZej3pmdMuxaA7kXnyYGrmtYwYZuE57,9ad4048aaad8f40b742e0eb89a555a721f025e9b3b369bba6d5358bfa2955bf4,26001.0000,USDT,26005.99,"Tue, 01 Jul 2025 15:01:54 GMT"
TRON,TFDGZej3pmdMuxaA7kXnyYGrmtYwYZuE57,7730417eda3e368622a124ca681b13201d73da414329d28c6975c878e44e31db,1418.0000,USDT,1418.27,"Tue, 01 Jul 2025 16:23:15 GMT"
TRON,THTwBrCRhZMYeaUnhK67TJJR1jBh6HbwH8,30a8af00bbaca3382166a601242c56b3aeb326c8260f6fbb307eb84c628991d9,1195.0413,USDT,1195.27,"Tue, 01 Jul 2025 16:08:27 GMT"
TRON,TB8tRVDcLy42yEyQqyyZY25ogVk3snSqW6,54fd4c4d85bae146ba3434cc3c1dd97bff1090825fcf16bfc9880cc68824de10,3398.3910,USDT,3399.04,"Tue, 01 Jul 2025 11:44:03 GMT"
TRON,TQ5WZ4KtsLjCei3oyPHLdnm4ohkBnb3g3L,fd01463886f98dad24a92398dcae707ef3e83dc75d3dd1b1e588e7d35debba77,23102.0000,USDT,23106.44,"Tue, 01 Jul 2025 10:15:51 GMT"
TRON,TQ5WZ4KtsLjCei3oyPHLdnm4ohkBnb3g3L,5b0b6d3a8430beb5464acd4207b472733b964cab1a409bc7962d52ade7ec8086,3684.2994,USDT,3685.01,"Tue, 01 Jul 2025 13:22:45 GMT"
TRON,TSdcsdwun8vEjMeJz5p54n6hnimkrNPQ9B,f0e743e30bcc761eb49f0d244ff77eed19eef84fb7a7f71d6e4cbaf696efd10d,47200.0000,USDT,47209.06,"Tue, 01 Jul 2025 02:14:15 GMT"
TRON,TLE1Aejjcw6MJ2N4fCFhLVZENCX2P69jKc,7e5efb3592a6d92aadf85ddc79247d480d1556857b4e7cbcc54248115bcf45d1,10001.0000,USDT,10002.92,"Tue, 01 Jul 2025 14:16:42 GMT"
TRON,TLE1Aejjcw6MJ2N4fCFhLVZENCX2P69jKc,695e48049b8bc57192f9a0c57997fb59057325dbdcf44e9aba85dedd8923a345,13001.0000,USDT,13003.50,"Tue, 01 Jul 2025 14:22:57 GMT"
TRON,TLE1Aejjcw6MJ2N4fCFhLVZENCX2P69jKc,f6bc4cfce48310ea83a6e6dd3b5db86cc5d8768a8af49514c1f0f7ac466c250d,9001.0000,USDT,9002.73,"Tue, 01 Jul 2025 14:24:15 GMT"
TRON,TQtW5kyJAwQL1fbTznxGcW8MbtN34BEZ86,69e69c26c50d3d39671ca82ae02ec8c6ddebf0259d19319a69dc2f0b537b398d,1503.8922,USDT,1504.18,"Tue, 01 Jul 2025 12:42:00 GMT"
TRON,TKxerEw55VquWXZV6qh1BjLkT3ADg8oFHC,638ae752ef4bfaf2d734a00d624c537969c300552332fa7d607a0a24496ce336,5551.0000,USDT,5552.07,"Mon, 30 Jun 2025 23:36:42 GMT"
TRON,TRpDxm4A6Kfvss1C6zAgcXeMSVehwV3V4u,1106b7e8390434f023b5eb971f831c7001b36c14f04dcee2700be048ee724eaa,20000.0000,USDT,20003.84,"Tue, 01 Jul 2025 11:20:15 GMT"
TRON,TRpDxm4A6Kfvss1C6zAgcXeMSVehwV3V4u,48293ca8bc19ee71c765ad204fced8e145d6068b9cc0f3e441543882a77aa7f7,3500.0000,USDT,3500.67,"Tue, 01 Jul 2025 15:01:27 GMT"
TRON,THtMGMLSuAtKYm5D7bwQuc8QWYfkBNS8t7,3d2e18c1b1619eb16789a214ae4846ae92f0de997c84eaf6cc44590ca30985c2,1000.0000,USDT,1000.19,"Tue, 01 Jul 2025 11:56:27 GMT"
TRON,TV9g4AUNoEb4SgJKDgtteGTu2wZZvmotZZ,5ff9f458c2a84234253f773b61585384ea781d90002f94eaf485f92bee3f13e9,27247.0000,USDT,27252.23,"Tue, 01 Jul 2025 16:08:18 GMT"
TRON,TKwvVTfa5mx1m27byXECAMc4FMFaqYsUXF,953bba6fcb32500fad81c76227bb6ee8748f0706fe46bfed039a4bf171e2fae8,23370.0000,USDT,23374.49,"Mon, 30 Jun 2025 19:02:03 GMT"
TRON,TKwvVTfa5mx1m27byXECAMc4FMFaqYsUXF,8d54a4dd5ce17161d83393200552d75f8a6ce85e56b8d3a894e73a444f946638,2500.0000,USDT,2500.48,"Mon, 30 Jun 2025 19:52:33 GMT"
TRON,TKwvVTfa5mx1m27byXECAMc4FMFaqYsUXF,60e016561808d3a4bea4b62f73504939d5b2778c568cbef08640ebb371ffa48e,2500.0000,USDT,2500.48,"Mon, 30 Jun 2025 21:55:06 GMT"
TRON,TKwvVTfa5mx1m27byXECAMc4FMFaqYsUXF,2fb903aaeddd50f000381a9b094a7025c547fa88858dc9493f28c2b545ca7b9e,2500.0000,USDT,2500.48,"Mon, 30 Jun 2025 22:19:48 GMT"
TRON,TKwvVTfa5mx1m27byXECAMc4FMFaqYsUXF,3a24e90ccbcf5054761a239b3a5b47851b0ed6f72cba0c312123c8ad944111ca,1500.0000,USDT,1500.29,"Mon, 30 Jun 2025 22:39:06 GMT"
TRON,TKwvVTfa5mx1m27byXECAMc4FMFaqYsUXF,a67af85da4b4e31bb22d0fbc544bd8097117790b00e08d241494e6f677e4b1fc,2500.0000,USDT,2500.48,"Mon, 30 Jun 2025 22:50:39 GMT"
TRON,TKwvVTfa5mx1m27byXECAMc4FMFaqYsUXF,f68b2a100ba3873c859a43b291341398429afb65752ae6b708c702981a2a12ed,2500.0000,USDT,2500.48,"Mon, 30 Jun 2025 23:07:33 GMT"
TRON,TKwvVTfa5mx1m27byXECAMc4FMFaqYsUXF,3259d5360a52aaab5b57ba2a33f84f01cdfbfbf9419fe8751aeb25467aa7beb3,2000.0000,USDT,2000.38,"Mon, 30 Jun 2025 23:13:27 GMT"
TRON,TCYAMiLCDXuRnZcHnFQZZ6Bvq4F52p7KnB,8fda049cc37c8a605d8bb9db9e9ad2168f39b869cec5854a62baf8874923692e,2988.0000,USDT,2988.57,"Mon, 30 Jun 2025 21:13:09 GMT"
TRON,TAVjBbKqyjoHt41mxKmpgowGSB9JNMcy9f,bfc48b39e54627f94d406ddca292ffcb6d86ca72066d4c25a66f81b5bd62ca10,1250.0000,USDT,1250.24,"Tue, 01 Jul 2025 01:24:51 GMT"
TRON,TBhVTPBPuhT8TPatwWAmBVy6EsW7GXYwZJ,17c63c6fa3d77a63970ffb40d23047f0372ec0f7c284511a24d03c66c780a21c,50000.0000,USDT,50009.60,"Mon, 30 Jun 2025 21:46:03 GMT"
TRON,TBhVTPBPuhT8TPatwWAmBVy6EsW7GXYwZJ,a5ddcf36c7f912739c006057d2166a1b4bf46e25aa2e7d1e2df10fed45e7e36c,27247.0000,USDT,27252.23,"Mon, 30 Jun 2025 23:28:39 GMT"
TRON,TBhVTPBPuhT8TPatwWAmBVy6EsW7GXYwZJ,68d2b101e2a0335a140da33fe1ac49a48676d414366dd365c123fb9cb22aac94,16378.0000,USDT,16381.15,"Tue, 01 Jul 2025 00:33:18 GMT"
TRON,TV2oamxq6eCBudvhx3snsdeQJmbUKpmyhp,14fa49c9b36adce50dc8e2ea329922de12f429d1a49220e5c9080f5df98e39ef,309700.0000,USDT,309759.47,"Tue, 01 Jul 2025 05:41:36 GMT"
TRON,TTuKJ9pc4arzyyLonodgztw62SCPPY3HRY,31c8afccd7fa80ac8f2da7c4159d91bb27e09c2703fa90084065801f03d31440,3593.4495,USDT,3594.14,"Mon, 30 Jun 2025 18:52:42 GMT"
TRON,TTuKJ9pc4arzyyLonodgztw62SCPPY3HRY,e5a258736e2e38d28c4d9c799a4ea24943819ff9061f340d7d1cc7546185ad27,4898.5295,USDT,4899.47,"Mon, 30 Jun 2025 19:49:42 GMT"
TRON,TTuKJ9pc4arzyyLonodgztw62SCPPY3HRY,e6743a29a3965a91502377bad3be01737b157df023f12f7b362d651cff583afc,2724.6305,USDT,2725.15,"Mon, 30 Jun 2025 21:13:42 GMT"
TRON,TTuKJ9pc4arzyyLonodgztw62SCPPY3HRY,f76be032ac8a6ea23ae0f25a5b1f763bfe0a3d2ea3dea16a84051fec98b5ca7a,1347.7970,USDT,1348.06,"Mon, 30 Jun 2025 21:57:33 GMT"
TRON,TTuKJ9pc4arzyyLonodgztw62SCPPY3HRY,72896609c2ecd32437cde932f5c074110d3ab88fa000dbb5f6d0d13e94e6adb0,3917.4578,USDT,3918.21,"Mon, 30 Jun 2025 22:06:30 GMT"
TRON,TTuKJ9pc4arzyyLonodgztw62SCPPY3HRY,ab34f1feb6048d4bb831893982c2986c320372331fe85c80bb395e8a085abac4,1026.8402,USDT,1027.04,"Mon, 30 Jun 2025 22:42:03 GMT"
TRON,TTuKJ9pc4arzyyLonodgztw62SCPPY3HRY,5b1082900e178393a7b46dbca6013907110b5fa81b15e4c1ddfce6dd04db3a82,2317.8831,USDT,2318.33,"Tue, 01 Jul 2025 02:35:33 GMT"
TRON,TTuKJ9pc4arzyyLonodgztw62SCPPY3HRY,cc75d4c130a4856cb5c5ebddae4a005d2bc40802720111d1b1464df8e3745182,2921.4135,USDT,2921.97,"Tue, 01 Jul 2025 06:23:03 GMT"
TRON,TTuKJ9pc4arzyyLonodgztw62SCPPY3HRY,6f60ee5f4e67ea0a26351229fe98af4f834fee67d3f614e17b5daac3634e8a21,2128.0082,USDT,2128.42,"Tue, 01 Jul 2025 06:35:33 GMT"
TRON,TTuKJ9pc4arzyyLonodgztw62SCPPY3HRY,0ac4a80f8700a30a12aa5d34c7a08d69b80e4eb9351e3cc2a65782c58d62f0b3,1951.8958,USDT,1952.27,"Tue, 01 Jul 2025 07:08:06 GMT"
TRON,TTuKJ9pc4arzyyLonodgztw62SCPPY3HRY,8270c2b8505b67785958f302e142c680ef699278330fb79b62014e031fc76f80,2502.4721,USDT,2502.95,"Tue, 01 Jul 2025 08:20:57 GMT"
TRON,TTuKJ9pc4arzyyLonodgztw62SCPPY3HRY,161798484c4159f3cc499b02ae95b7b780bca5b5babcf491c3ba89e83e56d6de,1151.5902,USDT,1151.81,"Tue, 01 Jul 2025 09:19:33 GMT"
TRON,TTuKJ9pc4arzyyLonodgztw62SCPPY3HRY,230463ca17f422b3222e45ae87e738894742dea57aa12574395d14e4b51763db,1874.8084,USDT,1875.17,"Tue, 01 Jul 2025 09:45:57 GMT"
TRON,TTuKJ9pc4arzyyLonodgztw62SCPPY3HRY,f8dc813afd6d3e764ac9d4989f7a80bda292cf37142dd7e1654e0fb821593695,2350.8910,USDT,2351.34,"Tue, 01 Jul 2025 11:18:54 GMT"
TRON,TTuKJ9pc4arzyyLonodgztw62SCPPY3HRY,6660ab1729c7dd63ffdfa1bb58666354de6113ece2cbc7ed34f3d82c26d6c7e0,2749.3888,USDT,2749.92,"Tue, 01 Jul 2025 12:18:48 GMT"
TRON,TTuKJ9pc4arzyyLonodgztw62SCPPY3HRY,f888347ec560b03add09162425743fb4dcaf77e9bc8be2350b99050856f3702f,1123.4735,USDT,1123.69,"Tue, 01 Jul 2025 13:54:57 GMT"
TRON,TTuKJ9pc4arzyyLonodgztw62SCPPY3HRY,aef49547abfae3b0122c55c9665a89040fc099ef3516bba778678d2880b32f28,1226.1408,USDT,1226.38,"Tue, 01 Jul 2025 13:56:33 GMT"
TRON,TTuKJ9pc4arzyyLonodgztw62SCPPY3HRY,b31d6a8d5d47992480ef6499741d14d2c95c3bc23f3c703f687d217cc2dd207a,1675.1918,USDT,1675.51,"Tue, 01 Jul 2025 14:02:57 GMT"
TRON,TTuKJ9pc4arzyyLonodgztw62SCPPY3HRY,31a3d5906c2fb0e41c2ba6e5721943926b32592c7867af1518ebb2d171714abf,2223.6198,USDT,2224.05,"Tue, 01 Jul 2025 16:04:03 GMT"
TRON,TSCaYQnpGWb7jLJc7t3KdsnpFkk5HatAwj,cd9ca1632aabb1d0d7d56c14885204fa8013a0c8ccb00fe796150608c55e2ea5,1374.3900,USDT,1374.65,"Tue, 01 Jul 2025 09:47:06 GMT"